,CIC0,SM1_Dz(Z),GATS1i,MLOGP,NdsCH,NdssC,LC50
0,2.0,0.693,1.128,-0.45,2.0,2.0,4.366
1,2.704,0.56,1.965,-0.917,0.0,0.0,0.15
2,2.634,0.223,1.298,0.943,0.0,0.0,3.131
3,4.139,0.496,1.43,4.206,0.0,1.0,5.767
4,2.126,0.405,0.917,0.411,4.0,2.0,6.38
5,2.024,0.83,1.761,2.226,0.0,0.0,3.007
6,2.507,0.405,1.5,0.076,0.0,2.0,2.851
7,4.285,0.134,1.551,4.379,0.0,0.0,6.255
8,3.316,0.223,1.571,1.795,1.0,0.0,3.979
9,3.164,1.2669999999999997,0.83,4.912,0.0,1.0,6.113
10,2.086,0.331,1.221,0.143,1.0,0.0,3.815
11,2.914,0.798,0.975,2.715,0.0,1.0,4.109
12,3.452,0.331,1.098,2.54,0.0,1.0,3.742
13,2.252,1.075,0.885,2.005,0.0,0.0,5.303
14,3.179,0.0,1.063,2.942,0.0,0.0,3.947
15,1.844,1.275,0.804,3.109,0.0,0.0,6.72
16,2.778,0.405,1.17,1.49,1.0,0.0,2.93
17,0.965,0.732,1.359,0.435,0.0,1.0,3.481
18,3.871,0.829,1.558,3.026,0.0,1.0,4.539
19,3.315,0.223,0.799,3.127,0.0,0.0,4.44
20,2.085,1.079,0.895,4.063,0.0,0.0,4.89
21,3.378,1.38,1.25,1.654,0.0,0.0,4.854
22,1.9932,1.03,0.906,1.064,0.0,0.0,5.558
23,3.143,0.134,1.641,1.209,0.0,0.0,2.264
24,2.982,0.496,1.151,1.783,0.0,1.0,3.522
25,2.568,0.389,1.012,2.296,0.0,0.0,3.513
26,3.252,0.223,1.077,2.51,0.0,0.0,4.093
27,2.726,0.496,1.179,1.06,0.0,1.0,3.661
28,1.0,0.405,1.5,-1.306,2.0,0.0,2.381
29,3.69,0.223,1.062,2.726,0.0,0.0,3.599
30,3.684,1.275,1.072,4.764,0.0,1.0,7.691
31,3.023,0.56,1.349,1.239,1.0,0.0,3.917
32,3.311,0.56,0.927,3.461,0.0,1.0,5.276
33,3.073,1.493,1.279,3.737,0.0,0.0,6.645
34,2.824,0.223,1.051,1.801,0.0,0.0,3.168
35,3.219,0.811,1.127,2.604,0.0,0.0,4.257
36,3.023,0.56,1.168,1.239,1.0,0.0,3.278
37,3.675,1.718,1.248,3.167,0.0,0.0,4.136
38,2.62,0.499,0.99,3.21,0.0,0.0,4.23
39,2.802,0.223,1.6,1.064,1.0,0.0,3.825
40,3.26,0.811,0.702,4.412,0.0,0.0,6.298
41,3.16,1.028,0.809,3.842,0.0,0.0,5.939
42,2.189,0.58,0.863,1.348,0.0,0.0,3.115
43,2.019,1.126,0.793,3.314,0.0,0.0,4.73
44,3.74,0.134,1.581,2.274,0.0,0.0,3.721
45,3.402,0.604,1.517,3.451,0.0,0.0,5.086
46,2.508,0.58,0.941,1.701,0.0,0.0,3.766
47,3.005,1.683,0.774,4.804,0.0,0.0,7.287
48,2.748,0.223,1.705,0.8,0.0,0.0,1.305
49,3.69,1.159,1.295,4.449,0.0,2.0,5.749
50,4.05,0.693,1.381,3.618,0.0,2.0,5.367
51,2.448,0.638,0.921,1.701,0.0,0.0,3.521
52,3.81,1.025,1.055,0.215,0.0,2.0,3.838
53,3.645,0.223,1.155,3.105,0.0,0.0,5.178
54,2.8,0.693,1.091,1.437,0.0,1.0,3.603
55,3.78,0.0,1.182,3.854,0.0,0.0,4.938
56,2.802,0.223,1.6,1.064,1.0,0.0,3.937
57,2.726,0.496,1.179,1.06,0.0,1.0,2.126
58,3.18,1.281,1.246,2.492,0.0,0.0,4.963
59,2.987,1.076,0.921,3.318,0.0,1.0,6.077
60,2.544,0.223,1.245,1.064,0.0,0.0,1.408
61,4.258,0.223,1.538,4.506,0.0,1.0,5.741
62,1.968,0.331,1.891,-1.053,0.0,0.0,1.47
63,2.878,0.134,1.684,0.8,0.0,0.0,2.436
64,3.023,0.56,1.168,2.294,0.0,1.0,3.924
65,2.818,0.88,1.488,1.182,0.0,0.0,3.726
66,1.713,1.098,1.752,-0.297,0.0,0.0,3.046
67,2.507,0.405,1.5,0.076,2.0,0.0,3.936
68,2.233,0.64,0.92,2.102,0.0,1.0,3.615
69,2.834,0.134,0.95,1.859,0.0,0.0,3.47
70,2.094,0.827,0.86,1.886,0.0,0.0,5.449
71,2.031,0.496,1.952,-0.703,0.0,1.0,1.231
72,3.252,0.223,1.077,2.51,0.0,0.0,4.22
73,3.52,0.223,1.562,2.129,1.0,0.0,3.629
74,2.961,0.405,1.388,1.58,0.0,0.0,3.07
75,3.86,0.223,1.429,2.502,0.0,0.0,3.919
76,3.286,0.357,2.104,-0.521,0.0,0.0,1.771
77,2.456,0.331,0.875,1.294,0.0,1.0,2.263
78,3.332,0.134,1.068,2.242,0.0,0.0,3.806
79,2.62,0.499,0.99,3.21,0.0,0.0,3.84
80,2.479,0.887,0.954,1.748,0.0,0.0,4.458
81,2.216,0.582,0.839,2.127,0.0,0.0,3.979
82,4.05,0.693,1.381,3.618,0.0,2.0,5.49
83,2.442,0.934,0.984,3.259,0.0,1.0,4.208
84,3.378,1.38,1.25,1.654,0.0,0.0,5.933
85,3.738,1.131,1.584,2.558,1.0,2.0,4.422
86,3.333,0.405,0.963,2.974,1.0,0.0,5.63
87,2.836,0.693,1.43,0.434,0.0,2.0,3.178
88,2.359,0.405,0.814,0.893,0.0,0.0,4.287
89,3.098,0.93,1.075,2.702,0.0,0.0,6.236
90,1.701,1.443,1.905,2.957,0.0,0.0,4.44
91,2.126,1.278,0.896,4.634,0.0,0.0,5.815
92,3.426,0.693,1.488,1.294,0.0,1.0,3.025
93,4.171,0.693,1.678,2.849,0.0,2.0,4.976
94,2.034,0.331,1.56,0.133,0.0,1.0,2.117
95,2.233,0.57,0.883,1.501,0.0,0.0,3.325
96,3.315,0.223,1.1,2.723,1.0,0.0,4.35
97,4.181,0.57,1.383,4.379,0.0,0.0,6.213
98,2.748,0.223,1.705,0.8,0.0,0.0,1.691
99,2.43,0.496,0.946,2.241,0.0,0.0,3.441
100,2.183,0.93,0.846,1.395,0.0,0.0,4.224
101,3.389,0.223,0.849,3.587,0.0,1.0,4.108
102,3.219,0.405,1.605,0.706,0.0,0.0,1.088
103,4.216,0.223,1.248,4.177,0.0,0.0,5.78
104,3.874,0.638,1.352,2.575,4.0,1.0,4.561
105,3.111,0.405,1.05,1.756,0.0,2.0,5.169
106,2.993,0.811,1.232,-0.059,0.0,2.0,5.395
107,2.938,1.385,1.225,1.02,0.0,2.0,4.593
108,2.971,0.859,2.162,2.273,0.0,0.0,4.499
109,2.366,0.405,1.735,-0.534,0.0,0.0,0.242
110,2.094,0.827,0.86,1.886,0.0,0.0,4.239
111,3.026,0.405,1.548,1.373,0.0,1.0,2.84
112,3.921,0.134,1.789,2.502,0.0,0.0,3.861
113,3.311,0.972,2.208,-0.165,0.0,3.0,4.244
114,2.523,0.56,1.602,0.052,1.0,1.0,4.384
115,3.134,0.223,1.319,1.795,0.0,0.0,2.739
116,2.126,0.83,0.899,3.478,0.0,0.0,4.552
117,2.43,0.496,0.946,2.241,0.0,0.0,3.568
118,3.376,1.278,0.915,5.934,0.0,0.0,4.862
119,3.452,0.331,1.476,2.402,1.0,0.0,3.87
120,2.309,0.907,0.871,3.046,0.0,0.0,3.775
121,3.014,0.56,1.781,-0.115,0.0,0.0,0.898
122,3.036,0.405,1.205,2.351,0.0,1.0,4.247
123,4.255,1.695,1.087,2.294,0.0,0.0,4.475
124,2.62,0.499,0.99,3.21,0.0,0.0,4.33
125,2.818,0.83,1.386,2.899,0.0,0.0,3.92
126,2.329,0.711,0.868,1.229,0.0,1.0,3.097
127,2.396,0.223,1.778,0.347,0.0,0.0,0.778
128,3.634,0.693,1.747,1.742,0.0,2.0,4.051
129,3.029,0.331,1.847,0.314,0.0,0.0,2.474
130,2.183,0.93,0.846,1.395,0.0,0.0,3.666
131,3.462,0.405,1.717,2.06,0.0,1.0,4.208
132,2.26,0.499,0.907,2.876,0.0,0.0,3.645
133,3.103,0.134,1.016,2.193,0.0,0.0,3.22
134,1.962,1.345,0.783,3.617,0.0,0.0,5.752
135,1.512,0.64,1.844,0.347,0.0,0.0,3.203
136,2.216,0.582,1.287,1.467,0.0,0.0,2.74
137,3.101,1.535,1.326,1.655,0.0,1.0,6.238
138,2.118,0.956,1.643,0.202,0.0,0.0,3.638
139,3.11,0.0,1.079,2.42,2.0,0.0,3.974
140,3.26,0.405,0.921,2.782,0.0,0.0,4.578
141,2.377,0.827,0.938,2.239,0.0,0.0,5.146
142,1.634,0.713,1.19,1.313,0.0,0.0,2.056
143,2.591,0.331,1.629,0.874,0.0,0.0,2.395
144,1.961,0.134,1.215,0.548,1.0,0.0,2.567
145,2.08,0.891,0.816,2.729,0.0,0.0,4.989
146,4.566,0.357,1.394,3.903,4.0,1.0,6.923
147,3.252,0.0,1.417,3.124,0.0,0.0,3.299
148,3.222,1.501,0.872,5.149,0.0,0.0,5.861
149,2.111,1.477,1.298,3.225,0.0,0.0,5.73
150,3.358,1.348,1.328,1.89,0.0,0.0,3.852
151,2.251,0.638,0.871,1.61,1.0,0.0,4.021
152,2.251,1.501,1.197,4.19,0.0,0.0,5.632
153,1.783,0.331,1.667,0.087,0.0,0.0,1.777
154,3.378,0.134,0.988,3.395,0.0,0.0,4.65
155,2.126,0.251,1.719,0.087,0.0,0.0,2.458
156,3.052,0.638,0.903,3.237,0.0,0.0,4.906
157,2.801,0.728,2.226,0.736,0.0,2.0,3.109
158,3.867,0.0,1.4,3.659,2.0,0.0,5.678
159,3.426,0.85,1.792,2.59,0.0,0.0,4.377
160,2.456,0.64,0.937,2.461,0.0,0.0,4.286
161,3.405,0.251,1.56,1.272,0.0,0.0,4.132
162,3.749,0.331,1.278,2.773,0.0,0.0,4.777
163,3.219,0.811,1.151,2.604,0.0,0.0,3.397
164,2.019,1.317,1.288,2.689,0.0,0.0,4.368
165,2.085,1.079,0.895,4.063,0.0,0.0,4.79
166,3.559,0.223,1.36,2.446,0.0,0.0,3.458
167,3.739,0.0,1.204,3.374,0.0,1.0,5.434
168,3.24,0.56,0.889,2.214,0.0,0.0,4.544
169,4.031,1.113,1.106,4.579,1.0,2.0,7.64
170,3.252,0.499,0.832,4.416,0.0,0.0,4.384
171,3.26,0.829,1.676,1.453,0.0,1.0,3.77
172,3.74,0.134,1.581,2.274,0.0,0.0,4.396
173,2.594,0.251,1.287,0.454,0.0,0.0,1.749
174,4.717,0.223,1.288,4.804,1.0,1.0,6.384
175,2.855,1.331,1.325,0.454,0.0,2.0,7.045
176,3.001,0.134,1.8055999999999999,0.202,0.0,0.0,2.375
177,3.7,0.223,1.556,2.446,0.0,1.0,3.662
178,2.283,1.07,1.223,1.112,0.0,0.0,4.278
179,3.501,0.405,1.585,2.27,1.0,1.0,5.147
180,2.803,1.501,1.124,4.053,0.0,0.0,5.385
181,3.734,0.223,1.374,3.661,0.0,0.0,5.159
182,3.171,0.134,1.189,2.42,1.0,0.0,3.569
183,3.08,0.223,1.385,1.195,0.0,0.0,2.07
184,2.11,0.58,0.805,1.61,0.0,0.0,3.391
185,2.918,0.223,0.944,2.066,3.0,0.0,4.59
186,3.159,0.965,1.584,1.121,0.0,2.0,3.77
187,1.818,0.134,1.445,0.202,0.0,0.0,1.559
188,3.477,0.693,1.344,2.577,0.0,2.0,4.116
189,3.027,0.331,1.011,1.807,0.0,1.0,3.009
190,2.834,0.134,0.95,1.859,0.0,0.0,3.12
191,3.596,0.972,0.941,4.179,0.0,1.0,4.828
192,3.08,0.223,1.583,1.442,1.0,0.0,3.757
193,2.98,0.251,2.261,-0.063,0.0,0.0,1.639
194,2.707,0.972,1.889,-1.169,0.0,3.0,2.976
195,3.023,0.56,1.168,1.75,0.0,1.0,3.379
196,2.739,0.0,1.3,1.974,1.0,1.0,2.953
197,4.219,1.033,0.963,4.246,0.0,1.0,9.354
198,4.81,0.693,1.42,5.426,0.0,2.0,2.548
199,3.888,0.693,0.978,4.633,0.0,2.0,6.6
200,2.665,0.251,1.762,-0.534,0.0,0.0,1.795
201,2.819,0.331,1.271,0.981,0.0,1.0,2.736
202,3.402,0.496,1.45,2.345,1.0,0.0,4.557
203,3.137,0.251,1.335,1.141,0.0,0.0,2.412
204,3.7,0.223,1.556,3.358,0.0,1.0,3.971
205,2.33,0.932,0.931,2.529,0.0,1.0,4.559
206,3.08,0.827,1.079,1.155,2.0,0.0,5.478
207,2.251,0.638,0.871,1.61,1.0,0.0,4.175
208,3.921,0.251,1.398,1.622,0.0,0.0,3.416
209,3.055,1.273,1.132,2.931,0.0,0.0,5.393
210,2.026,0.223,1.667,0.202,1.0,0.0,2.65
211,4.114,0.223,1.571,4.098,0.0,0.0,5.219
212,1.946,0.223,1.929,-0.172,0.0,0.0,0.534
213,2.439,0.93,0.924,1.748,0.0,0.0,4.856
214,4.311,1.496,0.964,3.522,0.0,0.0,5.19
215,3.38,1.749,1.135,3.305,0.0,1.0,4.951
216,3.444,0.88,1.466,1.95,0.0,3.0,4.004
217,2.359,0.405,0.814,0.893,0.0,0.0,3.314
218,2.728,0.223,0.953,1.859,0.0,0.0,3.897
219,2.824,0.223,1.0,2.102,1.0,0.0,3.36
220,3.896,0.134,1.984,2.591,0.0,0.0,3.45
221,1.439,1.079,1.867,2.226,0.0,0.0,3.213
222,3.316,0.223,1.571,1.795,0.0,1.0,2.856
223,2.512,0.134,1.293,0.846,0.0,0.0,2.016
224,2.834,0.134,0.95,1.859,0.0,0.0,2.827
225,2.377,0.827,0.938,2.239,0.0,0.0,3.991
226,3.599,0.702,1.514,3.247,2.0,1.0,6.183
227,4.223,0.638,1.117,3.557,0.0,1.0,8.169
228,2.454,1.075,0.951,2.359,0.0,0.0,6.317
229,1.822,0.829,0.834,2.509,0.0,0.0,3.731
230,3.814,0.331,1.225,3.345,0.0,1.0,3.698
231,1.751,0.629,1.483,-0.317,0.0,0.0,0.361
232,2.834,0.134,1.237,1.859,0.0,0.0,3.03
233,3.776,0.405,0.92,3.306,0.0,0.0,4.691
234,3.645,0.223,1.155,3.105,0.0,0.0,4.81
235,3.793,0.134,0.93,4.054,0.0,0.0,6.038
236,3.609,0.811,1.208,3.291,0.0,0.0,4.38
237,2.755,0.405,1.559,0.996,0.0,1.0,3.123
238,3.39,0.934,0.889,4.436,0.0,0.0,5.264
239,3.676,0.405,1.524,2.289,0.0,1.0,3.976
240,2.817,1.012,1.521,-1.169,0.0,3.0,2.069
241,2.572,1.834,1.35,3.115,0.0,2.0,8.471
242,2.728,0.223,0.953,1.859,0.0,0.0,3.755
243,1.5,0.83,1.891,1.817,0.0,0.0,2.92
244,1.855,1.179,1.44,1.587,0.0,0.0,2.838
245,4.288,0.865,1.327,4.295,0.0,0.0,5.642
246,2.937,0.499,0.8,3.945,0.0,0.0,4.849
247,2.677,0.331,1.582,0.586,0.0,1.0,2.895
248,2.43,0.496,0.83,1.132,1.0,0.0,4.628
249,3.277,0.223,1.633,1.587,0.0,0.0,2.182
250,3.407,0.0,1.111,3.259,0.0,0.0,4.279
251,3.605,0.0,1.15,3.562,0.0,0.0,4.51
252,3.509,0.854,1.478,2.248,0.0,0.0,2.832
253,3.033,0.693,1.312,1.21,1.0,0.0,4.832
254,3.55,1.182,1.624,2.433,0.0,0.0,4.811
255,2.33,0.58,1.776,-0.741,0.0,2.0,0.89
256,2.43,0.496,0.849,1.237,0.0,1.0,3.133
257,3.252,0.223,1.077,2.51,0.0,0.0,4.02
258,3.191,0.223,1.154,1.737,0.0,0.0,2.686
259,3.587,0.675,2.108,2.527,0.0,0.0,3.656
260,2.448,0.638,0.921,1.701,0.0,0.0,3.513
261,2.111,0.134,1.253,0.468,0.0,0.0,2.914
262,2.568,0.582,0.931,2.461,0.0,0.0,3.594
263,1.512,0.57,0.879,-0.317,0.0,1.0,2.445
264,3.065,1.079,0.825,5.472,0.0,0.0,6.882
265,2.428,0.956,1.8055999999999999,0.113,0.0,0.0,1.301
266,3.164,0.223,0.909,2.455,0.0,0.0,3.112
267,1.5,0.405,1.669,-0.386,0.0,1.0,2.661
268,3.609,0.811,1.208,3.291,0.0,0.0,4.247
269,3.323,1.232,1.134,4.207,0.0,0.0,6.525
270,2.822,0.811,1.524,0.202,0.0,0.0,0.6
271,3.383,1.408,0.892,4.804,0.0,0.0,5.44
272,2.834,0.134,0.95,1.591,0.0,0.0,3.021
273,2.377,0.827,0.938,2.239,0.0,0.0,3.759
274,3.734,0.223,1.374,2.642,2.0,2.0,4.586
275,3.282,0.56,1.749,1.117,0.0,2.0,3.757
276,3.652,0.872,0.867,3.983,2.0,3.0,4.04
277,2.624,1.621,1.502,3.213,0.0,0.0,6.314
278,4.532,0.405,1.189,4.639,1.0,4.0,5.307
279,4.829,0.331,1.521,4.57,4.0,4.0,6.347
280,3.728,0.956,1.17,4.789,0.0,0.0,5.574
281,2.56,0.134,1.758,0.347,0.0,0.0,2.283
282,1.5,1.278,1.868,2.604,0.0,0.0,3.916
283,2.512,0.134,1.293,0.846,0.0,0.0,2.811
284,3.98,0.223,1.723,2.894,0.0,0.0,4.703
285,2.728,0.223,0.953,1.591,0.0,0.0,2.371
286,1.925,1.364,0.421,4.19,0.0,0.0,5.591
287,2.824,0.223,1.0,2.102,1.0,0.0,3.56
288,3.171,0.134,1.011,2.186,0.0,0.0,3.984
289,4.05,0.693,1.381,3.618,0.0,2.0,5.667
290,4.135,0.58,1.263,2.904,1.0,2.0,5.538
291,3.143,0.134,1.641,1.209,0.0,0.0,2.487
292,3.113,1.593,1.319,4.038,1.0,1.0,6.143
293,3.361,0.223,1.437,2.021,1.0,2.0,3.168
294,2.077,1.236,0.829,3.458,0.0,1.0,4.424
295,2.183,0.93,0.846,1.395,0.0,0.0,4.739
296,3.41,0.134,1.722,-1.174,0.0,0.0,3.017
297,2.802,0.223,1.6,1.064,0.0,1.0,1.999
298,2.126,1.278,0.896,4.634,0.0,0.0,5.361
299,3.103,0.134,1.016,2.193,0.0,0.0,3.21
300,2.137,0.223,1.179,0.655,0.0,0.0,3.288
301,3.669,0.223,1.778,2.274,0.0,0.0,3.604
302,3.024,0.452,1.8055999999999999,1.107,0.0,0.0,0.45
303,1.818,0.499,1.468,1.672,1.0,0.0,3.546
304,2.216,0.582,0.839,2.127,0.0,0.0,4.353
305,3.734,0.223,1.426,2.502,0.0,0.0,3.18
306,2.824,0.223,1.0,2.102,0.0,1.0,2.87
307,2.217,0.764,0.859,2.269,1.0,0.0,5.308
308,1.832,1.209,1.364,-0.792,0.0,0.0,3.828
309,3.98,0.452,2.013,-0.022,0.0,0.0,1.81
310,2.08,0.891,0.816,2.729,0.0,0.0,4.62
311,2.031,0.891,0.822,2.956,0.0,0.0,4.42
312,2.233,0.46,0.789,2.206,1.0,0.0,4.96
313,2.824,0.223,1.051,1.533,0.0,0.0,4.05
314,2.137,0.223,1.179,0.655,0.0,0.0,3.841
315,2.442,1.211,2.254,1.401,0.0,0.0,4.305
316,3.079,0.429,2.135,-0.521,0.0,0.0,1.308
317,4.443,0.251,1.287,4.453,4.0,3.0,6.483
318,2.165,0.134,1.912,-0.172,0.0,0.0,2.3
319,4.237,0.223,1.565,4.379,0.0,0.0,5.268
320,3.407,0.0,1.111,3.259,0.0,0.0,4.192
321,1.965,1.028,0.762,2.116,0.0,0.0,5.303
322,1.594,0.223,1.068,0.202,0.0,0.0,4.564
323,3.407,1.548,1.653,1.145,0.0,0.0,6.258
324,3.609,0.811,1.189,3.291,0.0,0.0,5.115
325,3.588,0.251,1.506,1.564,0.0,0.0,3.57
326,2.137,0.223,1.179,0.655,0.0,0.0,3.779
327,2.495,0.56,0.835,1.099,1.0,0.0,4.023
328,3.641,0.331,1.933,1.565,0.0,1.0,2.67
329,2.477,0.405,0.876,1.7,0.0,1.0,2.474
330,3.196,1.38,1.234,1.321,0.0,0.0,6.018
331,3.046,0.0,1.333,2.352,4.0,0.0,3.614
332,3.596,0.604,1.515,4.673,0.0,0.0,5.363
333,2.122,1.621,1.511,2.64,0.0,0.0,5.677
334,1.126,0.134,1.431,-0.317,0.0,0.0,1.399
335,3.012,0.223,1.023,2.193,0.0,0.0,4.07
336,2.375,1.026,1.09,2.553,0.0,1.0,3.895
337,2.386,0.223,0.857,1.506,0.0,0.0,3.513
338,2.309,0.762,0.845,1.091,1.0,0.0,3.601
339,3.739,0.0,1.204,3.374,1.0,1.0,5.689
340,4.029,0.965,1.729,4.038,0.0,0.0,4.451
341,3.126,0.693,1.69,1.024,2.0,2.0,4.282
342,3.833,0.405,1.522,3.492,0.0,1.0,2.092
343,2.24,0.405,1.203,-0.316,0.0,0.0,2.286
344,3.323,0.405,1.17,2.592,0.0,2.0,4.577
345,4.536,0.223,1.29,4.907,0.0,0.0,6.634
346,3.332,0.134,1.519,2.51,0.0,0.0,3.415
347,1.733,1.077,0.81,3.11,0.0,0.0,4.63
348,1.636,0.331,1.265,-0.38,1.0,1.0,2.766
349,2.512,0.134,1.293,0.846,0.0,0.0,2.364
350,1.778,0.223,1.203,0.156,0.0,0.0,3.048
351,2.08,1.033,0.902,3.157,0.0,0.0,3.693
352,2.862,1.54,1.226,3.896,0.0,0.0,6.171
353,2.126,0.83,1.455,2.459,0.0,1.0,5.82
354,1.962,0.934,0.819,2.729,0.0,0.0,4.296
355,2.304,1.028,1.124,2.433,0.0,0.0,4.635
356,2.585,1.586,1.352,4.092,0.0,0.0,6.551
357,3.177,0.918,1.919,2.031,0.0,0.0,4.116
358,2.62,0.499,0.99,2.942,0.0,0.0,4.402
359,2.219,0.604,1.537,2.026,0.0,0.0,3.262
360,2.462,0.223,1.625,0.655,1.0,0.0,3.654
361,3.832,0.223,1.587,3.503,0.0,0.0,4.41
362,3.199,0.56,2.033,-0.129,0.0,0.0,1.02
363,2.815,0.56,1.585,0.43,1.0,1.0,4.59
364,3.394,0.0,0.868,3.677,0.0,0.0,4.199
365,2.834,0.134,1.322,1.199,0.0,0.0,2.413
366,2.126,0.977,0.771,3.795,0.0,0.0,4.762
367,2.961,0.405,1.189,1.312,0.0,0.0,2.604
368,2.118,0.934,0.913,2.956,1.0,0.0,4.988
369,3.03,1.821,1.027,5.469,0.0,2.0,6.897
370,2.528,0.58,1.297,1.539,0.0,0.0,3.025
371,3.734,0.223,1.282,2.502,0.0,0.0,3.387
372,3.08,0.223,1.462,1.442,2.0,0.0,2.494
373,1.961,0.134,1.27,0.156,0.0,0.0,2.505
374,3.788,0.693,1.365,2.576,0.0,2.0,4.664
375,2.469,0.582,0.913,2.688,0.0,0.0,4.002
376,3.111,0.732,0.923,4.068,0.0,0.0,5.643
377,2.888,0.251,0.944,1.246,0.0,0.0,1.935
378,3.867,0.134,1.174,3.386,0.0,0.0,4.064
379,2.125,0.638,0.831,1.348,0.0,0.0,3.531
380,2.585,1.586,0.917,5.207,0.0,0.0,6.379
381,3.026,0.251,2.164,0.314,0.0,0.0,1.812
382,3.52,0.223,1.562,2.129,0.0,1.0,3.446
383,3.401,0.732,1.185,2.791,0.0,1.0,3.529
384,3.029,0.331,2.13,0.967,0.0,1.0,1.885
385,2.893,1.236,0.907,3.842,0.0,0.0,6.047
386,1.634,0.798,1.093,0.68,0.0,0.0,2.569
387,2.544,0.223,1.245,1.064,0.0,0.0,3.38
388,4.191,0.762,2.195,1.239,0.0,0.0,2.618
389,2.802,0.223,1.6,1.064,1.0,0.0,4.423
390,3.012,0.223,1.023,2.193,0.0,0.0,3.92
391,4.073,0.693,1.171,4.091,0.0,2.0,5.224
392,4.535,0.56,1.137,4.332,1.0,2.0,8.571
393,0.973,0.988,1.489,0.18,0.0,1.0,2.725
394,3.461,0.223,1.12,2.813,0.0,0.0,4.672
395,4.211,0.932,1.045,4.832,0.0,1.0,8.916
396,3.421,0.58,1.7,1.57,0.0,1.0,5.029
397,3.905,0.56,1.399,2.65,1.0,0.0,4.947
398,4.532,0.405,1.189,4.639,2.0,2.0,5.541
399,2.477,0.83,0.983,3.795,0.0,0.0,4.54
400,2.866,0.223,1.288,1.335,2.0,0.0,3.411
401,3.485,0.223,1.614,1.94,0.0,0.0,3.507
402,3.315,0.223,0.799,3.127,0.0,0.0,4.507
403,3.475,0.405,0.875,3.148,1.0,2.0,4.803
404,2.841,0.88,1.705,0.226,0.0,3.0,1.647
405,1.126,1.079,1.44,2.081,1.0,1.0,3.47
406,2.479,0.887,0.954,1.748,0.0,0.0,4.181
407,1.279,1.327,1.284,2.2,0.0,0.0,4.697
408,2.955,0.331,1.313,0.652,0.0,0.0,2.961
409,2.11,1.15,0.72,3.157,1.0,0.0,5.518
410,1.0,0.83,1.432,1.672,0.0,1.0,2.856
411,3.461,0.223,1.12,2.813,0.0,0.0,4.463
412,3.924,0.693,1.707,2.314,0.0,2.0,4.713
413,2.709,0.331,2.072,-0.081,0.0,0.0,1.78
414,2.08,0.891,0.816,2.729,0.0,0.0,4.41
415,2.086,1.685,0.396,4.594,0.0,0.0,6.72
416,3.137,0.405,1.312,0.749,0.0,2.0,1.086
417,3.611,0.331,2.017,1.393,0.0,0.0,2.859
418,2.479,0.887,0.954,1.748,0.0,0.0,4.208
419,3.739,0.0,1.161,4.431,0.0,0.0,5.68
420,1.965,0.405,1.169,-0.145,1.0,0.0,3.66
421,3.188,1.182,1.244,1.845,0.0,1.0,5.012
422,3.332,0.134,1.294,2.242,0.0,0.0,3.374
423,2.034,0.64,1.727,0.8,0.0,0.0,2.586
424,3.57,1.374,2.259,2.05,0.0,0.0,6.083
425,2.748,0.223,1.705,0.8,0.0,0.0,1.063
426,2.91,0.0,1.0,2.608,0.0,0.0,3.447
427,3.001,0.651,0.781,4.203,0.0,0.0,5.262
428,3.316,0.223,1.571,1.795,0.0,1.0,2.94
429,1.962,1.345,0.783,3.617,0.0,0.0,5.348
430,3.669,0.486,1.374,3.291,0.0,0.0,3.701
431,3.557,0.331,1.301,2.209,2.0,1.0,4.711
432,3.351,0.496,1.466,1.097,0.0,0.0,2.392
433,3.937,0.762,1.708,1.145,0.0,0.0,3.297
434,1.251,0.251,1.126,-0.786,0.0,0.0,5.072
435,1.523,1.028,1.512,0.996,0.0,1.0,2.693
436,3.102,0.693,1.316,2.005,0.0,2.0,3.451
437,3.609,0.811,1.208,3.291,0.0,0.0,4.469
438,2.026,0.223,1.667,0.202,0.0,1.0,0.855
439,3.179,0.0,1.063,2.942,0.0,0.0,3.822
440,4.141,0.134,1.22,4.833,0.0,0.0,6.233
441,3.461,0.223,1.12,2.813,0.0,0.0,4.47
442,3.13,0.429,0.88,2.679,0.0,0.0,5.229
443,2.164,1.437,1.227,2.573,0.0,2.0,6.207
444,3.957,0.223,1.269,2.998,2.0,3.0,4.577
445,2.548,0.947,1.051,1.66,1.0,0.0,3.588
446,3.756,0.0,0.964,4.23,0.0,0.0,4.425
447,2.417,1.028,1.162,3.19,0.0,1.0,4.169
448,3.261,0.331,2.047,0.915,0.0,1.0,4.182
449,3.641,0.331,1.933,1.971,1.0,0.0,3.246
450,2.429,0.405,1.954,-0.473,0.0,0.0,0.931
451,2.086,0.64,0.838,2.127,0.0,0.0,4.459
452,2.98,0.251,1.959,-0.063,0.0,0.0,1.651
453,3.709,1.371,1.478,3.909,0.0,1.0,5.568
454,2.396,0.223,1.778,0.347,0.0,0.0,1.121
455,3.645,0.223,1.155,2.837,0.0,0.0,3.393
456,3.641,1.192,1.481,3.16,0.0,1.0,5.052
457,3.67,0.728,2.11,2.288,0.0,3.0,2.964
458,3.567,0.711,1.501,1.759,1.0,3.0,4.043
459,3.277,0.486,1.343,2.604,0.0,0.0,3.736
460,2.126,0.405,1.127,-0.226,0.0,0.0,3.206
461,2.685,0.405,1.145,1.246,0.0,0.0,3.219
462,2.034,0.64,1.727,0.8,0.0,0.0,2.072
463,4.436,0.764,1.227,5.258,0.0,1.0,5.412
464,3.578,0.496,1.406,2.391,0.0,1.0,4.32
465,2.092,1.359,2.273,1.246,1.0,1.0,4.796
466,2.802,0.223,1.6,1.064,0.0,1.0,1.748
467,3.669,0.486,1.374,3.291,0.0,0.0,4.61
468,1.429,0.223,1.75,-0.317,1.0,0.0,3.076
469,3.179,0.0,1.063,2.942,0.0,0.0,3.811
470,4.278,0.405,1.345,3.546,0.0,0.0,4.668
471,3.593,1.236,1.166,4.268,0.0,0.0,7.607
472,2.085,1.079,0.895,4.063,0.0,0.0,4.74
473,2.43,0.496,0.946,2.241,0.0,0.0,3.66
474,2.684,0.988,1.226,3.076,0.0,1.0,4.404
475,2.831,1.393,1.077,0.906,0.0,1.0,5.317
476,3.462,0.405,1.717,2.06,0.0,1.0,4.097
477,2.26,1.443,0.902,4.926,0.0,0.0,6.006
478,2.866,0.223,1.333,1.05,0.0,1.0,2.27
479,2.126,0.977,0.771,3.795,0.0,0.0,5.284
480,3.369,0.134,1.614,1.587,0.0,0.0,2.226
481,2.08,0.496,0.858,1.887,0.0,0.0,3.022
482,2.508,0.58,0.941,1.701,0.0,0.0,3.789
483,4.166,0.134,1.556,4.098,0.0,0.0,5.912
484,3.361,0.223,1.342,2.129,0.0,0.0,5.485
485,3.763,0.916,0.878,2.918,0.0,6.0,4.818
486,4.88,0.134,1.853,2.217,0.0,0.0,4.77
487,3.155,0.638,2.128,-0.937,0.0,0.0,1.102
488,3.38,0.702,1.527,1.579,0.0,1.0,3.841
489,0.965,0.64,1.695,0.202,1.0,0.0,4.37
490,2.777,0.56,1.127,1.433,1.0,0.0,4.767
491,2.125,0.638,0.831,1.348,0.0,0.0,2.939
492,4.785,1.263,1.471,2.749,1.0,4.0,9.612
493,3.38,0.638,1.506,1.57,0.0,1.0,4.38
494,2.866,0.223,1.288,1.442,0.0,0.0,1.906
495,2.755,0.83,1.656,2.957,0.0,0.0,3.746
496,1.977,1.112,0.881,2.37,0.0,0.0,4.798
497,2.031,0.854,1.8055999999999999,-0.816,0.0,0.0,2.689
498,3.05,0.405,0.868,2.233,1.0,3.0,6.195
499,2.233,0.64,0.92,2.37,1.0,0.0,4.805
500,2.034,0.331,1.8055999999999999,-0.273,1.0,0.0,0.841
501,1.0,1.15,0.968,0.996,0.0,1.0,3.499
502,3.618,0.842,1.686,1.661,0.0,2.0,5.184
503,2.374,0.811,0.817,2.841,1.0,0.0,5.277
504,4.327,0.56,1.254,3.399,2.0,5.0,6.683
505,3.369,0.134,1.614,1.587,0.0,0.0,3.252
506,3.2,1.531,1.059,3.089,0.0,0.0,6.16
507,4.395,0.134,1.546,4.651,0.0,0.0,6.484
508,2.632,0.429,1.176,1.074,0.0,0.0,2.975
509,2.216,0.389,0.796,1.953,0.0,0.0,3.751
510,2.079,0.988,0.836,2.481,0.0,1.0,3.298
511,3.219,0.405,1.605,0.706,0.0,0.0,1.134
512,2.456,0.331,1.259,0.496,0.0,1.0,2.858
513,3.591,0.58,1.685,1.851,0.0,1.0,4.117
514,2.126,0.83,0.899,3.478,0.0,0.0,4.263
515,3.012,0.223,1.023,2.193,0.0,0.0,3.857
516,2.665,0.251,1.762,-0.534,0.0,0.0,1.817
517,2.74,1.04,1.603,2.646,0.0,1.0,4.215
518,2.971,0.972,1.255,2.052,0.0,2.0,4.565
519,2.728,0.134,0.923,2.102,0.0,0.0,3.42
520,3.528,1.74,1.288,0.626,0.0,0.0,5.466
521,2.024,0.83,1.761,2.226,0.0,0.0,2.928
522,2.08,0.891,0.816,2.729,0.0,0.0,4.332
523,2.309,0.907,0.871,3.046,0.0,0.0,3.782
524,2.609,0.604,1.529,2.419,0.0,0.0,3.572
525,2.95,1.772,1.351,3.11,0.0,4.0,5.383
526,2.765,0.331,0.951,1.49,0.0,1.0,2.55
527,3.073,0.693,1.851,0.787,0.0,2.0,4.016
528,3.003,0.134,1.413,2.242,0.0,0.0,2.647
529,2.565,0.693,1.987,0.057,0.0,2.0,4.031
530,2.477,0.405,0.876,1.667,1.0,0.0,4.725
531,3.315,0.916,1.753,-0.439,0.0,2.0,2.501
532,2.024,0.977,1.328,2.604,0.0,0.0,5.052
533,3.485,0.223,1.614,1.94,0.0,0.0,2.853
534,3.739,0.0,1.25,3.267,1.0,2.0,2.149
535,2.62,0.288,0.839,3.045,0.0,0.0,3.753
536,2.019,1.126,0.793,3.314,0.0,0.0,4.737
537,3.461,0.223,1.281,2.813,0.0,0.0,4.416
538,2.206,1.3,1.36,2.371,0.0,0.0,4.739
539,3.067,1.286,1.309,2.223,0.0,0.0,5.318
540,2.594,0.251,0.861,1.68,0.0,0.0,3.112
541,2.479,0.887,0.954,1.748,0.0,0.0,4.257
542,3.351,0.797,2.456,-0.197,2.0,0.0,3.903
543,2.583,0.762,1.104,1.968,0.0,1.0,3.882
544,3.629,0.331,1.478,2.821,0.0,1.0,3.24
545,2.377,0.331,1.734,-0.534,0.0,0.0,1.474
546,2.079,0.988,0.836,2.481,0.0,1.0,2.608
547,2.026,0.223,1.429,0.202,1.0,0.0,5.259
548,3.191,0.223,0.847,2.859,0.0,0.0,4.967
549,2.536,0.429,0.871,1.237,0.0,1.0,2.537
550,2.508,0.58,0.941,1.701,0.0,0.0,3.799
551,3.103,0.134,1.521,2.193,0.0,0.0,3.267
552,2.888,0.405,1.472,1.522,1.0,2.0,5.105
553,1.831,1.182,1.901,0.158,0.0,2.0,1.234
554,4.268,0.916,1.19,1.936,0.0,2.0,7.849
555,4.077,0.956,1.909,3.234,0.0,0.0,4.448
556,4.532,0.405,1.189,4.639,2.0,3.0,5.104
557,2.309,0.762,1.118,-0.129,0.0,2.0,2.715
558,2.26,0.604,0.836,3.045,0.0,0.0,4.194
559,2.344,0.582,1.59,1.467,0.0,0.0,3.109
560,4.372,0.134,1.254,5.339,0.0,0.0,6.569
561,1.439,1.079,1.867,2.226,0.0,0.0,3.402
562,2.71,0.93,0.724,2.526,0.0,0.0,4.838
563,3.739,0.0,1.25,3.267,2.0,2.0,4.638
564,2.512,0.134,0.862,1.506,0.0,0.0,3.078
565,3.33,0.56,1.555,1.042,0.0,2.0,3.691
566,3.036,0.405,1.205,1.807,1.0,0.0,3.733
567,2.868,1.286,1.294,1.919,0.0,0.0,4.809
568,3.035,0.223,1.941,1.209,0.0,0.0,2.107
569,3.179,0.0,0.805,2.994,0.0,0.0,4.154
570,2.508,0.58,0.941,1.701,0.0,0.0,3.483
571,3.441,0.0,1.667,3.516,0.0,0.0,4.538
572,2.888,0.251,1.771,1.398,0.0,0.0,2.983
573,2.019,1.126,0.793,3.314,0.0,0.0,5.001
574,3.734,0.223,1.45,2.642,2.0,1.0,3.84
575,3.74,0.134,1.581,3.186,0.0,0.0,4.396
576,2.462,0.223,1.625,0.655,0.0,1.0,1.352
577,4.216,0.223,1.248,5.089,0.0,0.0,5.896
578,3.69,0.223,0.883,3.887,0.0,0.0,6.644
579,0.965,0.64,1.695,0.202,0.0,1.0,3.272
580,1.962,1.345,0.783,3.617,0.0,0.0,5.352
581,3.128,0.713,0.797,4.017,0.0,1.0,5.039
582,3.8324,0.134,1.791,3.118,0.0,0.0,6.04
583,3.542,1.38,1.264,1.971,0.0,0.0,6.284
584,1.814,1.316,1.074,1.119,0.0,1.0,3.35
585,2.405,0.134,0.843,1.769,0.0,0.0,3.21
586,2.536,0.764,1.165,2.619,0.0,1.0,4.191
587,3.651,1.151,0.911,2.278,0.0,2.0,4.54
588,1.417,0.898,0.648,2.042,0.0,0.0,4.421
589,3.914,0.56,1.637,3.048,0.0,1.0,3.926
590,2.986,0.961,1.669,1.798,0.0,4.0,3.152
591,2.719,0.891,2.292,1.94,0.0,0.0,3.289
592,1.359,0.134,1.13,0.094,1.0,0.0,3.47
593,2.482,1.303,1.415,0.575,0.0,0.0,4.919
594,2.137,0.223,1.375,0.548,3.0,0.0,4.865
595,1.886,1.115,0.653,2.646,0.0,0.0,4.342
596,2.377,0.827,0.938,2.239,0.0,0.0,3.91
597,3.436,0.331,0.951,2.786,0.0,0.0,4.338
598,4.356,1.028,1.224,5.741,0.0,1.0,5.758
599,3.98,0.223,1.578,3.806,0.0,0.0,4.819
600,1.822,0.681,0.794,2.335,0.0,0.0,3.696
601,3.461,0.223,1.111,2.357,0.0,1.0,3.393
602,2.126,0.405,1.69,0.479,1.0,1.0,3.573
603,3.898,0.887,1.45,4.066,0.0,0.0,5.999
604,3.222,0.331,2.177,0.706,0.0,0.0,1.819
605,3.315,0.223,0.96,3.395,0.0,0.0,4.629
606,2.728,0.223,0.953,1.859,0.0,0.0,3.29
607,2.019,1.317,0.77,3.617,0.0,0.0,5.93
608,3.316,0.223,1.571,1.795,1.0,0.0,3.854
609,3.393,1.292,2.122,1.595,0.0,3.0,3.477
610,3.201,0.693,2.004,-0.937,0.0,0.0,0.33
611,3.08,0.223,1.583,1.442,0.0,1.0,3.061
612,3.566,0.134,1.595,1.94,0.0,0.0,3.719
613,3.143,0.134,1.641,1.209,0.0,0.0,2.692
614,2.781,0.711,1.147,1.515,0.0,0.0,3.846
615,2.634,0.223,0.939,1.834,0.0,0.0,3.926
616,2.366,0.405,1.8055999999999999,-0.128,0.0,0.0,1.037
617,2.585,0.0,0.917,2.255,0.0,0.0,3.502
618,1.886,0.988,0.764,2.343,0.0,0.0,3.889
619,1.279,1.16,1.714,1.209,0.0,0.0,2.936
620,2.233,0.64,0.92,2.37,1.0,0.0,4.75
621,2.542,0.429,1.891,0.562,0.0,0.0,2.12
622,3.08,0.223,1.583,1.442,0.0,1.0,2.271
623,3.669,0.223,1.599,2.274,0.0,0.0,3.665
624,3.014,0.56,1.987,0.538,0.0,1.0,3.496
625,2.11,0.58,0.805,1.61,0.0,0.0,3.787
626,2.085,0.56,2.451,-0.544,0.0,0.0,1.18
627,4.285,0.134,1.71,3.467,0.0,0.0,5.38
628,2.065,1.062,0.852,2.463,0.0,0.0,4.399
629,3.027,0.331,1.472,1.807,1.0,0.0,3.51
630,2.978,1.246,1.103,3.988,0.0,1.0,6.535
631,2.454,1.075,0.951,2.359,0.0,0.0,4.96
632,2.536,0.496,1.482,0.204,0.0,1.0,3.03
633,2.57,1.028,2.137,1.466,0.0,0.0,2.973
634,3.514,0.0,1.375,3.038,2.0,2.0,4.465
635,3.073,0.693,1.438,0.787,0.0,2.0,1.055
636,2.218,0.923,1.074,0.291,0.0,0.0,3.237
637,4.005,0.223,1.545,3.953,0.0,1.0,5.055
638,1.951,0.405,1.878,-1.053,0.0,0.0,0.053
639,3.065,0.923,1.317,1.271,0.0,0.0,2.015
640,2.439,0.93,0.924,1.748,0.0,0.0,5.007
641,3.252,0.499,0.832,4.416,0.0,0.0,4.674
642,2.777,0.56,1.127,0.922,1.0,0.0,3.118
643,3.277,0.223,1.633,1.587,0.0,0.0,2.98
644,3.046,0.0,1.333,2.352,0.0,2.0,4.075
645,3.012,0.223,0.76,2.637,0.0,0.0,4.62
646,2.198,0.798,0.79,2.056,0.0,1.0,3.328
647,1.333,0.754,1.148,-0.386,0.0,1.0,3.487
648,1.594,0.223,1.333,0.094,2.0,0.0,6.297
649,1.925,1.16,0.801,3.314,0.0,0.0,5.192
650,2.744,0.496,0.753,3.018,0.0,0.0,4.284
651,2.435,1.113,1.109,2.354,0.0,1.0,2.839
652,2.636,0.827,0.999,2.573,0.0,0.0,4.393
653,3.629,0.223,0.802,3.571,0.0,0.0,4.269
654,3.465,0.0,0.802,3.958,0.0,0.0,4.984
655,3.003,0.134,1.032,2.152,0.0,0.0,4.171
656,3.026,0.405,1.787,1.373,0.0,1.0,3.81
657,3.432,0.638,1.385,1.459,0.0,1.0,5.339
658,2.374,1.16,0.979,3.818,0.0,1.0,5.048
659,2.297,0.762,0.798,2.841,0.0,0.0,3.555
660,2.477,0.83,0.983,3.795,0.0,0.0,4.743
661,1.925,1.16,0.801,3.314,0.0,0.0,4.499
662,2.565,0.452,1.529,0.242,0.0,0.0,2.115
663,3.174,1.586,0.91,5.361,2.0,2.0,7.382
664,1.886,1.153,0.523,2.938,0.0,0.0,4.737
665,2.508,0.58,0.941,1.701,0.0,0.0,3.242
666,3.668,0.134,1.132,2.502,0.0,0.0,3.782
667,2.189,1.586,2.0,3.291,0.0,0.0,5.242
668,3.353,0.854,1.944,1.297,0.0,0.0,2.451
669,2.748,0.223,1.705,0.8,0.0,0.0,1.589
670,3.979,1.306,1.404,5.176,0.0,1.0,4.239
671,3.26,0.251,1.287,1.994,0.0,1.0,2.745
672,2.216,0.582,0.839,2.127,0.0,0.0,3.62
673,2.479,0.887,0.954,1.748,0.0,0.0,4.119
674,2.251,0.638,0.871,1.61,1.0,0.0,4.416
675,3.314,0.331,1.173,3.112,1.0,0.0,3.812
676,3.277,0.486,1.416,2.604,0.0,0.0,5.47
677,3.337,1.443,0.913,3.9874,0.0,0.0,7.429
678,3.41,0.223,1.278,1.947,1.0,2.0,2.737
679,2.441,0.88,1.54,0.057,0.0,2.0,4.92
680,4.413,0.56,1.17,3.906,1.0,2.0,7.899
681,3.314,0.331,1.397,2.048,3.0,0.0,4.473
682,4.628,1.209,1.968,2.437,0.0,0.0,4.551
683,1.844,1.275,0.804,3.109,0.0,0.0,6.784
684,2.928,1.113,1.185,2.927,0.0,1.0,4.141
685,2.701,0.405,2.003,-0.081,0.0,0.0,0.533
686,3.247,0.638,0.889,2.922,0.0,1.0,4.68
687,3.459,1.47,1.483,0.491,0.0,2.0,4.486
688,2.819,0.732,1.483,1.717,0.0,0.0,2.941
689,1.92,1.079,1.738,2.604,0.0,0.0,3.408
690,4.171,0.693,1.678,2.849,0.0,2.0,4.851
691,2.377,0.827,0.938,2.239,0.0,0.0,5.083
692,3.815,1.825,1.351,-0.45,0.0,0.0,4.691
693,3.819,0.615,0.864,4.878,0.0,0.0,3.715
694,3.103,0.134,1.344,1.533,0.0,0.0,3.174
695,3.177,0.629,0.871,3.315,0.0,0.0,3.365
696,4.305,0.223,1.348,3.909,3.0,2.0,5.192
697,3.38,0.874,0.903,3.184,0.0,1.0,5.278
698,2.359,0.405,0.814,0.893,0.0,0.0,6.4
699,3.08,0.405,1.609,1.619,0.0,2.0,3.528
700,1.774,0.429,2.299,-0.41,0.0,0.0,1.897
701,1.094,1.236,1.461,0.996,0.0,1.0,1.911
702,2.928,1.131,0.908,3.508,0.0,2.0,5.86
703,2.086,0.64,0.838,2.127,0.0,0.0,3.995
704,2.118,0.956,1.8055999999999999,-0.406,0.0,0.0,3.845
705,2.348,0.762,0.85,2.621,0.0,0.0,3.769
706,2.479,0.887,0.954,1.748,0.0,0.0,5.341
707,1.634,0.713,1.19,0.501,0.0,0.0,2.319
708,2.215,0.887,0.888,1.395,0.0,0.0,3.932
709,4.057,1.032,1.183,4.754,1.0,3.0,8.201
710,3.235,1.131,0.996,2.723,0.0,0.0,5.354
711,3.274,1.214,1.011,3.311,0.0,0.0,6.54
712,3.035,0.223,1.662,1.209,0.0,0.0,2.217
713,3.198,0.405,1.399,1.897,0.0,0.0,3.874
714,4.121,0.829,1.551,3.913,0.0,1.0,5.653
715,3.179,0.0,1.063,2.942,0.0,0.0,4.091
716,3.961,0.405,1.083,3.987,1.0,0.0,5.842
717,3.739,0.0,0.7,4.76,0.0,0.0,7.346
718,3.605,0.0,1.15,3.562,0.0,0.0,4.829
719,2.982,0.496,1.151,1.783,0.0,1.0,3.665
720,2.125,0.73,1.537,0.883,0.0,0.0,3.007
721,2.086,1.501,0.766,3.909,0.0,0.0,6.093
722,3.52,0.223,1.59,1.882,0.0,0.0,2.883
723,2.555,1.11,1.686,0.289,0.0,0.0,2.601
724,3.249,1.2669999999999997,1.327,3.948,0.0,0.0,6.446
