,Model Name,R2_Score(Training),R2_Score_Testing,Depth,Iterations,Learning Rate,Score Difference
0,CatBoost Regressor Tuned,0.8796070094775379,0.8789844163984223,7.0,1550.0,0.01,0.0006225930791156076
1,CatBoost Regressor Tuned,0.8840104024368753,0.8779545419142297,7.0,1600.0,0.01,0.0060558605226456175
2,CatBoost Regressor Tuned,0.8765288231819052,0.8762178097491504,8.0,1250.0,0.01,0.0003110134327547476
3,CatBoost Regressor Tuned,0.878927851642751,0.8760747118786648,9.0,1000.0,0.01,0.0028531397640861877
4,CatBoost Regressor Tuned,0.881048849569755,0.8757909679982143,9.0,2000.0,0.005,0.0052578815715407234
5,CatBoost Regressor Tuned,0.875859430443423,0.875674733441931,9.0,1350.0,0.007,0.00018469700149192914
6,CatBoost Regressor Tuned,0.881604594440357,0.8756114976413854,8.0,1300.0,0.01,0.005993096798971642
7,CatBoost Regressor Tuned,0.884346819467271,0.8753019622245579,9.0,1050.0,0.01,0.009044857242713089
8,CatBoost Regressor Tuned,0.8951546025402219,0.8752615783252807,7.0,1750.0,0.01,0.019893024214941213
9,CatBoost Regressor Tuned,0.8795820913618705,0.875210696681905,9.0,1400.0,0.007,0.004371394679965501
10,CatBoost Regressor Tuned,0.8831196114149092,0.8751392448486943,9.0,1450.0,0.007,0.007980366566214925
11,CatBoost Regressor Tuned,0.8872078438350358,0.874907833771043,8.0,1350.0,0.01,0.012300010063992839
12,CatBoost Regressor Tuned,0.8898859139809655,0.8747519874018918,9.0,1100.0,0.01,0.015133926579073753
13,CatBoost Regressor Tuned,0.8864622990728525,0.8747233566375562,9.0,1500.0,0.007,0.011738942435296273
14,CatBoost Regressor Tuned,0.8916997966390762,0.8746896477899251,8.0,1400.0,0.01,0.017010148849151085
15,CatBoost Regressor Tuned,0.8899517337876004,0.8743160874384199,9.0,1550.0,0.007,0.015635646349180465
16,CatBoost Regressor Tuned,0.8770196043417907,0.8742986750837702,8.0,1750.0,0.007,0.002720929258020477
17,CatBoost Regressor Tuned,0.8965460933770905,0.8738804283891509,8.0,1450.0,0.01,0.022665664987939538
18,CatBoost Regressor Tuned,0.8944986097794229,0.8737792836796359,9.0,1150.0,0.01,0.020719326099786994
19,CatBoost Regressor Tuned,0.8934197511069613,0.8735172636256003,9.0,1600.0,0.007,0.01990248748136092
20,CatBoost Regressor Tuned,0.8988590294498326,0.8733450575122347,9.0,1200.0,0.01,0.025513971937597968
21,CatBoost Regressor Tuned,0.9002278462879495,0.8729156334724577,8.0,1500.0,0.01,0.027312212815491788
22,CatBoost Regressor Tuned,0.903057574475333,0.8724061856893048,9.0,1250.0,0.01,0.030651388786028133
23,CatBoost Regressor Tuned,0.8942008337782135,0.8719425621014,8.0,2000.0,0.007,0.02225827167681349
24,CatBoost Regressor Tuned,0.9045936376400484,0.8717667801284099,8.0,1550.0,0.01,0.032826857511638496
25,CatBoost Regressor Tuned,0.9024273100321212,0.8715531096299435,9.0,1750.0,0.007,0.0308742004021777
26,CatBoost Regressor Tuned,0.9078610714130052,0.8709910041095139,9.0,1300.0,0.01,0.036870067303491294
27,CatBoost Regressor Tuned,0.8846153007301389,0.8709692931878783,10.0,1200.0,0.007,0.01364600754226064
28,CatBoost Regressor Tuned,0.8800302653198808,0.8708936507408256,10.0,1150.0,0.007,0.009136614579055236
29,CatBoost Regressor Tuned,0.8749678742048027,0.870778820557132,10.0,1100.0,0.007,0.0041890536476707485
30,CatBoost Regressor Tuned,0.8893164598327861,0.8705336051654348,10.0,1250.0,0.007,0.0187828546673513
31,CatBoost Regressor Tuned,0.9104773879405932,0.8703849700881823,7.0,2000.0,0.01,0.04009241785241091
32,CatBoost Regressor Tuned,0.908724155512328,0.8703133334673832,8.0,1600.0,0.01,0.03841082204494484
33,CatBoost Regressor Tuned,0.8857832049932148,0.8702593948918903,6.0,2000.0,0.01,0.015523810101324531
34,CatBoost Regressor Tuned,0.8936161773568022,0.8701759843716321,10.0,1300.0,0.007,0.023440192985170083
35,CatBoost Regressor Tuned,0.912034274368712,0.8697957556803295,9.0,1350.0,0.01,0.042238518688382465
36,CatBoost Regressor Tuned,0.8977589784552935,0.8696981848182646,10.0,1350.0,0.007,0.028060793637028958
37,CatBoost Regressor Tuned,0.9014567289880494,0.8695591040338213,10.0,1400.0,0.007,0.0318976249542281
38,CatBoost Regressor Tuned,0.9155556444065602,0.8689323909685371,9.0,1400.0,0.01,0.04662325343802309
39,CatBoost Regressor Tuned,0.9054489805375412,0.8686588261173014,10.0,1450.0,0.007,0.03679015442023981
40,CatBoost Regressor Tuned,0.8735547500950717,0.8683895574526419,10.0,1550.0,0.005,0.005165192642429761
41,CatBoost Regressor Tuned,0.8694663976494947,0.8683460181099287,10.0,1500.0,0.005,0.0011203795395660077
42,CatBoost Regressor Tuned,0.908715389125255,0.8682857251395611,10.0,1500.0,0.007,0.04042966398569381
43,CatBoost Regressor Tuned,0.87745754654968,0.8681107073161204,10.0,1600.0,0.005,0.009346839233559612
44,CatBoost Regressor Tuned,0.9118088577726492,0.867770101174766,10.0,1550.0,0.007,0.044038756597883144
45,CatBoost Regressor Tuned,0.9118844220344712,0.8677486537879917,7.0,1000.0,0.02,0.04413576824647947
46,CatBoost Regressor Tuned,0.9200811955075,0.8676823323572537,9.0,1450.0,0.01,0.05239886315024633
47,CatBoost Regressor Tuned,0.9149503047433812,0.8675901480715148,10.0,1600.0,0.007,0.04736015667186644
48,CatBoost Regressor Tuned,0.8881772517251685,0.8675702433431334,10.0,1750.0,0.005,0.020607008382035108
49,CatBoost Regressor Tuned,0.8673163007544593,0.8669657358626052,5.0,1150.0,0.02,0.00035056489185414375
50,CatBoost Regressor Tuned,0.9169925341241364,0.8666181650254344,9.0,2000.0,0.007,0.050374369098701965
51,CatBoost Regressor Tuned,0.9169512636813116,0.8663887075693488,7.0,1050.0,0.02,0.05056255611196281
52,CatBoost Regressor Tuned,0.886401446892009,0.8661434182630572,6.0,1000.0,0.02,0.020258028628951763
53,CatBoost Regressor Tuned,0.9190182520859572,0.865898302909529,8.0,1750.0,0.01,0.05311994917642826
54,CatBoost Regressor Tuned,0.9023016297177432,0.8655540515690785,10.0,2000.0,0.005,0.036747578148664695
55,CatBoost Regressor Tuned,0.9027558216632714,0.8655488541644769,10.0,1000.0,0.01,0.037206967498794485
56,CatBoost Regressor Tuned,0.9238314325993472,0.8654130232066737,9.0,1500.0,0.01,0.05841840939267351
57,CatBoost Regressor Tuned,0.8728885150211843,0.8652109422089409,5.0,1200.0,0.02,0.0076775728122433495
58,CatBoost Regressor Tuned,0.9073231855847184,0.8649762910635731,10.0,1050.0,0.01,0.04234689452114526
59,CatBoost Regressor Tuned,0.9234608476452726,0.8649651879283353,10.0,1750.0,0.007,0.058495659716937265
60,CatBoost Regressor Tuned,0.9216882423219868,0.8644485102636177,7.0,1100.0,0.02,0.057239732058369075
61,CatBoost Regressor Tuned,0.8925853138307741,0.8643598851967469,6.0,1050.0,0.02,0.028225428634027216
62,CatBoost Regressor Tuned,0.911910088469146,0.864190957334803,10.0,1100.0,0.01,0.04771913113434301
63,CatBoost Regressor Tuned,0.9154649834966057,0.8638645710021737,10.0,1150.0,0.01,0.051600412494431924
64,CatBoost Regressor Tuned,0.9271763361696116,0.8637838178231485,9.0,1550.0,0.01,0.06339251834646309
65,CatBoost Regressor Tuned,0.9198931150419152,0.8634054306635929,10.0,1200.0,0.01,0.0564876843783223
66,CatBoost Regressor Tuned,0.8779722154086247,0.8631352068412739,5.0,1250.0,0.02,0.014837008567350818
67,CatBoost Regressor Tuned,0.925474926842233,0.8626171393768938,7.0,1150.0,0.02,0.06285778746533921
68,CatBoost Regressor Tuned,0.9303421492691611,0.8625564376331275,9.0,1600.0,0.01,0.06778571163603364
69,CatBoost Regressor Tuned,0.8980138062001853,0.8622605934178882,6.0,1100.0,0.02,0.03575321278229715
70,CatBoost Regressor Tuned,0.8977763977369805,0.8622194600437971,5.0,1000.0,0.03,0.035556937693183355
71,CatBoost Regressor Tuned,0.8824730149116576,0.8621058812327869,5.0,1300.0,0.02,0.020367133678870775
72,CatBoost Regressor Tuned,0.9237460133953576,0.8619957121929169,10.0,1250.0,0.01,0.06175030120244063
73,CatBoost Regressor Tuned,0.9277127176239364,0.8608156011734318,10.0,1300.0,0.01,0.06689711645050456
74,CatBoost Regressor Tuned,0.8872418694918263,0.8605886032259839,5.0,1350.0,0.02,0.026653266265842412
75,CatBoost Regressor Tuned,0.9300900317680044,0.860347400888585,7.0,1200.0,0.02,0.06974263087941945
76,CatBoost Regressor Tuned,0.9361293431732898,0.8602126990084351,10.0,2000.0,0.007,0.07591664416485466
77,CatBoost Regressor Tuned,0.932963457038337,0.8600638510874667,8.0,1000.0,0.02,0.0728996059508703
78,CatBoost Regressor Tuned,0.9037004849639948,0.8600099085360694,6.0,1150.0,0.02,0.0436905764279254
79,CatBoost Regressor Tuned,0.9317736124668536,0.859895924428692,10.0,1350.0,0.01,0.07187768803816164
80,CatBoost Regressor Tuned,0.8638987722796594,0.8597756413859441,4.0,1050.0,0.03,0.004123130893715299
81,CatBoost Regressor Tuned,0.935110756864566,0.8590689560119655,10.0,1400.0,0.01,0.07604180085260048
82,CatBoost Regressor Tuned,0.8912377202594672,0.8588780692977727,5.0,1400.0,0.02,0.032359650961694575
83,CatBoost Regressor Tuned,0.9079507313451468,0.8588589251690999,6.0,1200.0,0.02,0.049091806176046915
84,CatBoost Regressor Tuned,0.9373303436482624,0.8588312853191237,8.0,1050.0,0.02,0.07849905832913873
85,CatBoost Regressor Tuned,0.9344080015267436,0.8587202668360409,7.0,1250.0,0.02,0.07568773469070278
86,CatBoost Regressor Tuned,0.8743357404864563,0.8586005528938063,4.0,1150.0,0.03,0.015735187592650024
87,CatBoost Regressor Tuned,0.9331892621585564,0.858544380212278,8.0,2000.0,0.01,0.07464488194627839
88,CatBoost Regressor Tuned,0.8619841231127905,0.8584066613882598,4.0,1500.0,0.02,0.0035774617245306617
89,CatBoost Regressor Tuned,0.9029805540664688,0.8583654780957379,5.0,1050.0,0.03,0.04461507597073089
90,CatBoost Regressor Tuned,0.869609474353235,0.8583383622227605,4.0,1600.0,0.02,0.011271112130474492
91,CatBoost Regressor Tuned,0.8692190155170857,0.8583193592602953,4.0,1100.0,0.03,0.010899656256790347
92,CatBoost Regressor Tuned,0.9397534049429626,0.8581462865404423,9.0,1750.0,0.01,0.08160711840252022
93,CatBoost Regressor Tuned,0.938472909919303,0.8578754909915123,10.0,1450.0,0.01,0.08059741892779071
94,CatBoost Regressor Tuned,0.8659369184425666,0.8576061728447075,4.0,1550.0,0.02,0.008330745597859068
95,CatBoost Regressor Tuned,0.8794053886923717,0.8574630084520432,4.0,1200.0,0.03,0.021942380240328574
96,CatBoost Regressor Tuned,0.9419617541643148,0.8572765755367977,8.0,1100.0,0.02,0.08468517862751712
97,CatBoost Regressor Tuned,0.8944644597456137,0.8572101346785526,5.0,1450.0,0.02,0.03725432506706117
98,CatBoost Regressor Tuned,0.911872244714354,0.8571101733505396,6.0,1250.0,0.02,0.05476207136381439
99,CatBoost Regressor Tuned,0.9375153870861788,0.8571082055546816,7.0,1300.0,0.02,0.08040718153149717
100,CatBoost Regressor Tuned,0.9414896866537042,0.857062873886706,10.0,1500.0,0.01,0.08442681276699826
101,CatBoost Regressor Tuned,0.8783498774051526,0.856848702078926,4.0,1750.0,0.02,0.02150117532622653
102,CatBoost Regressor Tuned,0.9074009327287246,0.856823359658346,5.0,1100.0,0.03,0.05057757307037858
103,CatBoost Regressor Tuned,0.9440993202632788,0.856107730843666,10.0,1550.0,0.01,0.08799158941961283
104,CatBoost Regressor Tuned,0.8979305637403593,0.8560822674342882,5.0,1500.0,0.02,0.04184829630607112
105,CatBoost Regressor Tuned,0.9405636458925932,0.8555826681926212,7.0,1350.0,0.02,0.08498097769997204
106,CatBoost Regressor Tuned,0.8839731499371093,0.8554454081264409,4.0,1250.0,0.03,0.028527741810668417
107,CatBoost Regressor Tuned,0.945900543070048,0.8552296192959712,8.0,1150.0,0.02,0.09067092377407682
108,CatBoost Regressor Tuned,0.9294534778915398,0.855056212957748,6.0,1000.0,0.03,0.07439726493379173
109,CatBoost Regressor Tuned,0.9020178722126502,0.8548592568969161,5.0,1550.0,0.02,0.047158615315734065
110,CatBoost Regressor Tuned,0.9158860901358384,0.8548415051767344,6.0,1300.0,0.02,0.06104458495910403
111,CatBoost Regressor Tuned,0.946955899265938,0.8547927747021662,10.0,1600.0,0.01,0.09216312456377185
112,CatBoost Regressor Tuned,0.9431087838102094,0.8543791415832473,7.0,1400.0,0.02,0.088729642226962
113,CatBoost Regressor Tuned,0.9115295982205206,0.854052058111671,5.0,1150.0,0.03,0.057477540108849645
114,CatBoost Regressor Tuned,0.8877677841456173,0.8540514147182716,4.0,1300.0,0.03,0.03371636942734568
115,CatBoost Regressor Tuned,0.9051937009467595,0.8540436119557047,5.0,1600.0,0.02,0.05115008899105489
116,CatBoost Regressor Tuned,0.9188177160488088,0.8535413227237216,6.0,1350.0,0.02,0.06527639332508717
117,CatBoost Regressor Tuned,0.9338984862511012,0.853421392073391,6.0,1050.0,0.03,0.0804770941777102
118,CatBoost Regressor Tuned,0.9497188543428228,0.8527573066733108,8.0,1200.0,0.02,0.09696154766951193
119,CatBoost Regressor Tuned,0.8917454069856402,0.8526063980881954,4.0,1350.0,0.03,0.039139008897444816
120,CatBoost Regressor Tuned,0.9151654656887408,0.8524175851012415,5.0,1200.0,0.03,0.06274788058749925
121,CatBoost Regressor Tuned,0.945858886877324,0.8524078145985415,7.0,1450.0,0.02,0.09345107227878247
122,CatBoost Regressor Tuned,0.852987668566379,0.8523551310596795,3.0,1150.0,0.04,0.0006325375066994487
123,CatBoost Regressor Tuned,0.8548813886425949,0.8522478763788424,3.0,1600.0,0.03,0.0026335122637525243
124,CatBoost Regressor Tuned,0.949994518066674,0.8522446215194454,9.0,1000.0,0.02,0.09774989654722865
125,CatBoost Regressor Tuned,0.8617859645245045,0.8522410088611538,3.0,1000.0,0.05,0.009544955663350674
126,CatBoost Regressor Tuned,0.9374708071519696,0.8522210195431709,6.0,1100.0,0.03,0.08524978760879875
127,CatBoost Regressor Tuned,0.8923684125341559,0.8521884321013394,4.0,2000.0,0.02,0.04017998043281645
128,CatBoost Regressor Tuned,0.9511674053989728,0.8521708705950551,9.0,2000.0,0.01,0.09899653480391768
129,CatBoost Regressor Tuned,0.922520768471528,0.8518648267519994,6.0,1400.0,0.02,0.0706559417195286
130,CatBoost Regressor Tuned,0.9651615459453332,0.8518387292265112,8.0,1000.0,0.03,0.11332281671882205
131,CatBoost Regressor Tuned,0.9193523162363644,0.8512813860460052,5.0,1250.0,0.03,0.06807093019035915
132,CatBoost Regressor Tuned,0.9542480224753632,0.8512554007007911,10.0,1750.0,0.01,0.10299262177457214
133,CatBoost Regressor Tuned,0.894874286123571,0.8511009541521891,4.0,1400.0,0.03,0.04377333197138189
134,CatBoost Regressor Tuned,0.925792745030908,0.8510222529116269,6.0,1450.0,0.02,0.0747704921192811
135,CatBoost Regressor Tuned,0.952916733417677,0.8507510368335025,8.0,1250.0,0.02,0.10216569658417451
136,CatBoost Regressor Tuned,0.941069354960158,0.850622427431234,6.0,1150.0,0.03,0.09044692752892403
137,CatBoost Regressor Tuned,0.9132999308980082,0.8502490492694343,5.0,1750.0,0.02,0.06305088162857386
138,CatBoost Regressor Tuned,0.8668187623548844,0.8501477634645879,3.0,1050.0,0.05,0.01667099889029655
139,CatBoost Regressor Tuned,0.9231983003943928,0.8501402275643385,5.0,1300.0,0.03,0.07305807283005428
140,CatBoost Regressor Tuned,0.948699446383699,0.850125065214934,7.0,1500.0,0.02,0.09857438116876494
141,CatBoost Regressor Tuned,0.9680314548724894,0.8500180502937312,8.0,1050.0,0.03,0.1180134045787582
142,CatBoost Regressor Tuned,0.8650608943402025,0.8499237169925635,3.0,1750.0,0.03,0.015137177347638975
143,CatBoost Regressor Tuned,0.8569085719549236,0.8498946266365194,3.0,1200.0,0.04,0.007013945318404269
144,CatBoost Regressor Tuned,0.8909338409163582,0.8498688006919073,4.0,1000.0,0.04,0.0410650402244509
145,CatBoost Regressor Tuned,0.9290933837783422,0.8497982469532124,6.0,1500.0,0.02,0.07929513682512979
146,CatBoost Regressor Tuned,0.944064484359225,0.8497971493370213,6.0,1200.0,0.03,0.09426733502220364
147,CatBoost Regressor Tuned,0.893961103629901,0.849516958795699,3.0,1000.0,0.07,0.044444144834202004
148,CatBoost Regressor Tuned,0.9289363340045872,0.8494807868755359,5.0,1000.0,0.04,0.07945554712905134
149,CatBoost Regressor Tuned,0.8984526802740618,0.849369534056623,4.0,1450.0,0.03,0.04908314621743881
150,CatBoost Regressor Tuned,0.9540618798989434,0.8493359648384408,9.0,1050.0,0.02,0.10472591506050266
151,CatBoost Regressor Tuned,0.9560281512016752,0.8491791901897539,8.0,1300.0,0.02,0.10684896101192132
152,CatBoost Regressor Tuned,0.932091168891828,0.8491181164375283,6.0,1550.0,0.02,0.08297305245429965
153,CatBoost Regressor Tuned,0.9267662883846088,0.8489806702572108,5.0,1350.0,0.03,0.07778561812739804
154,CatBoost Regressor Tuned,0.951070604498376,0.8489203454885702,7.0,1550.0,0.02,0.10215025900980579
155,CatBoost Regressor Tuned,0.8716901439828453,0.8485078717456507,3.0,1100.0,0.05,0.0231822722371946
156,CatBoost Regressor Tuned,0.8621285182980031,0.8484942214310369,3.0,1250.0,0.04,0.013634296866966156
157,CatBoost Regressor Tuned,0.8952996589389985,0.8483605757421699,4.0,1050.0,0.04,0.0469390831968286
158,CatBoost Regressor Tuned,0.9473196381355566,0.8479845591852111,6.0,1250.0,0.03,0.09933507895034555
159,CatBoost Regressor Tuned,0.9709600154437468,0.8479271651746481,8.0,1100.0,0.03,0.12303285026909871
160,CatBoost Regressor Tuned,0.9347671325362564,0.8479192520398371,6.0,1600.0,0.02,0.08684788049641934
161,CatBoost Regressor Tuned,0.9015220862498396,0.8478572485658714,4.0,1500.0,0.03,0.053664837683968236
162,CatBoost Regressor Tuned,0.851676475486774,0.8478542978438359,2.0,1000.0,0.1,0.0038221776429381293
163,CatBoost Regressor Tuned,0.9587591526857544,0.8476417749092564,8.0,1350.0,0.02,0.111117377776498
164,CatBoost Regressor Tuned,0.9532040790662308,0.8475394143219482,7.0,1600.0,0.02,0.1056646647442826
165,CatBoost Regressor Tuned,0.9319786235219438,0.8474997135780411,5.0,1050.0,0.04,0.08447890994390272
166,CatBoost Regressor Tuned,0.8662708298506148,0.8469840689754836,3.0,1300.0,0.04,0.019286760875131148
167,CatBoost Regressor Tuned,0.9578412554420476,0.8469772353021592,9.0,1100.0,0.02,0.11086402013988839
168,CatBoost Regressor Un-tuned,0.947377841150642,0.8467619331164478,,,,0.10061590803419429
169,CatBoost Regressor Tuned,0.963986445405042,0.846732024636572,10.0,2000.0,0.01,0.11725442076846992
170,CatBoost Regressor Tuned,0.9303470241101351,0.8467259202522635,5.0,1400.0,0.03,0.08362110385787169
171,CatBoost Regressor Tuned,0.8568015676153893,0.8465288276799791,2.0,1050.0,0.1,0.010272739935410224
172,CatBoost Regressor Tuned,0.9046891834905252,0.8464478790465502,4.0,1550.0,0.03,0.05824130444397502
173,CatBoost Regressor Tuned,0.8761621641704409,0.8463969651116183,3.0,1150.0,0.05,0.029765199058822578
174,CatBoost Regressor Tuned,0.8992349788122294,0.8463537084384497,3.0,1050.0,0.07,0.052881270373779654
175,CatBoost Regressor Tuned,0.849062669212794,0.846242543327131,2.0,1400.0,0.07,0.0028201258856630496
176,CatBoost Regressor Tuned,0.9633410597185426,0.8462341837949774,10.0,1000.0,0.02,0.11710687592356517
177,CatBoost Regressor Tuned,0.8520868725106012,0.8461304285567206,2.0,1450.0,0.07,0.005956443953880619
178,CatBoost Regressor Tuned,0.8610171889560743,0.846124213541435,2.0,1100.0,0.1,0.014892975414639298
179,CatBoost Regressor Tuned,0.9612416997291906,0.8459891761461923,8.0,1400.0,0.02,0.11525252358299831
180,CatBoost Regressor Tuned,0.950306773280271,0.8458150392942281,6.0,1300.0,0.03,0.10449173398604295
181,CatBoost Regressor Tuned,0.870223391908806,0.845673212424848,3.0,1350.0,0.04,0.02455017948395799
182,CatBoost Regressor Tuned,0.8842599118288627,0.845662884945593,3.0,1250.0,0.05,0.0385970268832696
183,CatBoost Regressor Tuned,0.9076482154262864,0.8455535533069635,4.0,1600.0,0.03,0.06209466211932291
184,CatBoost Regressor Tuned,0.8808830082717024,0.8455499614504971,3.0,1200.0,0.05,0.035333046821205305
185,CatBoost Regressor Tuned,0.9001065734596269,0.845257788455059,4.0,1100.0,0.04,0.05484878500456791
186,CatBoost Regressor Tuned,0.9334986031603788,0.8452116618021068,5.0,1450.0,0.03,0.08828694135827198
187,CatBoost Regressor Tuned,0.9252595128048924,0.8451272410560045,5.0,2000.0,0.02,0.08013227174888793
188,CatBoost Regressor Tuned,0.9738060132532486,0.8450455217437619,8.0,1150.0,0.03,0.12876049150948665
189,CatBoost Regressor Tuned,0.9360162891800096,0.8450163759997616,5.0,1100.0,0.04,0.09099991318024792
190,CatBoost Regressor Tuned,0.9610890445548336,0.8448409419616532,9.0,1150.0,0.02,0.11624810259318041
191,CatBoost Regressor Tuned,0.9030319148248512,0.8447493534105145,3.0,1100.0,0.07,0.05828256141433674
192,CatBoost Regressor Tuned,0.8793527068945564,0.8446560847797859,3.0,2000.0,0.03,0.034696622114770426
193,CatBoost Regressor Tuned,0.963679338906479,0.8444295156752133,8.0,1450.0,0.02,0.11924982323126576
194,CatBoost Regressor Tuned,0.8549971662182554,0.8443981423126623,2.0,1500.0,0.07,0.010599023905593086
195,CatBoost Regressor Tuned,0.9419012385959176,0.8443296732561627,6.0,1750.0,0.02,0.09757156533975486
196,CatBoost Regressor Tuned,0.9070621967702456,0.8441481630877234,3.0,1150.0,0.07,0.06291403368252213
197,CatBoost Regressor Tuned,0.9531032964483026,0.8440547979210458,6.0,1350.0,0.03,0.10904849852725684
198,CatBoost Regressor Tuned,0.8741352975653471,0.8439805674509163,3.0,1400.0,0.04,0.030154730114430817
199,CatBoost Regressor Tuned,0.9760567604391656,0.8439403921733007,8.0,1200.0,0.03,0.13211636826586481
200,CatBoost Regressor Tuned,0.9667988577602948,0.8436962216051137,10.0,1050.0,0.02,0.12310263615518113
201,CatBoost Regressor Tuned,0.9364104147513944,0.8434359824627022,5.0,1500.0,0.03,0.09297443228869218
202,CatBoost Regressor Tuned,0.8879027278741981,0.8429274413185487,3.0,1300.0,0.05,0.04497528655564942
203,CatBoost Regressor Tuned,0.9387957868546072,0.842885194044512,5.0,1150.0,0.04,0.09591059281009517
204,CatBoost Regressor Tuned,0.9046236790563208,0.8427297624839977,4.0,1150.0,0.04,0.06189391657232313
205,CatBoost Regressor Tuned,0.9658977938262844,0.8427171573445029,8.0,1500.0,0.02,0.12318063648178146
206,CatBoost Regressor Tuned,0.9109866682164768,0.8426956324643903,3.0,1200.0,0.07,0.0682910357520865
207,CatBoost Regressor Tuned,0.9556265136632272,0.8425838737433207,6.0,1400.0,0.03,0.11304263991990648
208,CatBoost Regressor Tuned,0.9642684938256344,0.8424513894823368,9.0,1200.0,0.02,0.12181710434329762
209,CatBoost Regressor Tuned,0.8772112329032125,0.8424179327301814,3.0,1450.0,0.04,0.03479330017303106
210,CatBoost Regressor Tuned,0.9780938864417996,0.8424024229566268,8.0,1250.0,0.03,0.1356914634851728
211,CatBoost Regressor Tuned,0.8511490054569896,0.8422024863587694,2.0,2000.0,0.05,0.008946519098220196
212,CatBoost Regressor Tuned,0.8912950440141044,0.8421593348127736,3.0,1350.0,0.05,0.04913570920133081
213,CatBoost Regressor Tuned,0.9089740774932984,0.8420193538078058,4.0,1200.0,0.04,0.0669547236854926
214,CatBoost Regressor Tuned,0.9129835938890392,0.8418303926784121,4.0,1250.0,0.04,0.07115320121062707
215,CatBoost Regressor Tuned,0.9391349595780802,0.8417662619527815,5.0,1550.0,0.03,0.09736869762529876
216,CatBoost Regressor Tuned,0.9485048686488654,0.8417239475402537,7.0,1000.0,0.03,0.1067809211086117
217,CatBoost Regressor Tuned,0.8943407019352108,0.8416576938731389,3.0,1400.0,0.05,0.05268300806207182
218,CatBoost Regressor Tuned,0.8581563052675819,0.8416205611424176,2.0,1550.0,0.07,0.016535744125164342
219,CatBoost Regressor Tuned,0.9696231860155476,0.841492585183165,10.0,1100.0,0.02,0.1281306008323826
220,CatBoost Regressor Tuned,0.9680190922773356,0.8413790143404951,8.0,1550.0,0.02,0.1266400779368405
221,CatBoost Regressor Tuned,0.8804145593912109,0.8412841019467938,3.0,1500.0,0.04,0.03913045744441712
222,CatBoost Regressor Tuned,0.9151156107682906,0.8412240126234259,4.0,1750.0,0.03,0.07389159814486468
223,CatBoost Regressor Tuned,0.9668603425562368,0.8411091052958234,9.0,1250.0,0.02,0.12575123726041337
224,CatBoost Regressor Tuned,0.8654016556607849,0.8408898487795446,2.0,1150.0,0.1,0.024511806881240217
225,CatBoost Regressor Tuned,0.9699708044012948,0.8408609718366917,8.0,1600.0,0.02,0.12910983256460307
226,CatBoost Regressor Tuned,0.9599919462673624,0.8408293440625751,7.0,1750.0,0.02,0.11916260220478725
227,CatBoost Regressor Tuned,0.9140426836696234,0.8405085059748352,3.0,1250.0,0.07,0.0735341776947882
228,CatBoost Regressor Tuned,0.9414529835254448,0.8404865985548206,5.0,1600.0,0.03,0.10096638497062427
229,CatBoost Regressor Tuned,0.9800805095112618,0.840127187906311,8.0,1300.0,0.03,0.13995332160495078
230,CatBoost Regressor Tuned,0.9420736444289596,0.8400809728752365,5.0,1200.0,0.04,0.10199267155372305
231,CatBoost Regressor Tuned,0.9163201668195884,0.8399937375680222,4.0,1300.0,0.04,0.07632642925156619
232,CatBoost Regressor Tuned,0.9581434347509892,0.8398807899341623,6.0,1450.0,0.03,0.11826264481682691
233,CatBoost Regressor Tuned,0.9723688995055086,0.8397531248868981,10.0,1150.0,0.02,0.13261577461861052
234,CatBoost Regressor Tuned,0.9695911470958634,0.8394863403885089,9.0,1300.0,0.02,0.13010480670735447
235,CatBoost Regressor Tuned,0.98164631967172,0.8392691904674358,8.0,1350.0,0.03,0.14237712920428425
236,CatBoost Regressor Tuned,0.9522299347826628,0.8392583121544483,7.0,1050.0,0.03,0.11297162262821447
237,CatBoost Regressor Tuned,0.8615975470235062,0.8391661556985098,2.0,1600.0,0.07,0.022431391324996386
238,CatBoost Regressor Tuned,0.8973796143380747,0.8391585910729746,3.0,1450.0,0.05,0.058221023265100036
239,CatBoost Regressor Tuned,0.90947188574755,0.8390805653141473,4.0,1000.0,0.05,0.07039132043340268
240,CatBoost Regressor Tuned,0.9001499255539078,0.8387785405937251,3.0,1500.0,0.05,0.061371384960182684
241,CatBoost Regressor Tuned,0.8697720624596327,0.838769379654384,2.0,1200.0,0.1,0.03100268280524865
242,CatBoost Regressor Tuned,0.9748721954434788,0.8387092122315235,10.0,1200.0,0.02,0.1361629832119553
243,CatBoost Regressor Tuned,0.9452567882972271,0.8386061349682217,5.0,1250.0,0.04,0.10665065332900547
244,CatBoost Regressor Tuned,0.9169965395593828,0.8385362725898192,3.0,1300.0,0.07,0.07846026696956354
245,CatBoost Regressor Tuned,0.8837745452807487,0.8385181991620022,3.0,1550.0,0.04,0.045256346118746515
246,CatBoost Regressor Tuned,0.9606462783951516,0.8382756049509981,6.0,1500.0,0.03,0.12237067344415353
247,CatBoost Regressor Tuned,0.9195116768354124,0.838002392045942,4.0,1350.0,0.04,0.0815092847894704
248,CatBoost Regressor Tuned,0.9031590679864884,0.837630644635882,3.0,1550.0,0.05,0.06552842335060638
249,CatBoost Regressor Tuned,0.9556476204180429,0.8373314219729223,7.0,1100.0,0.03,0.11831619844512054
250,CatBoost Regressor Tuned,0.972060240862934,0.8373044685901987,9.0,1350.0,0.02,0.13475577227273527
251,CatBoost Regressor Tuned,0.9831156266986144,0.8372076082104645,8.0,1400.0,0.03,0.14590801848814994
252,CatBoost Regressor Tuned,0.9521577851740688,0.8371703145611944,6.0,2000.0,0.02,0.1149874706128744
253,CatBoost Regressor Tuned,0.9135387308248404,0.8370585116539361,4.0,1050.0,0.05,0.0764802191709043
254,CatBoost Regressor Tuned,0.952617725908345,0.8368936517881855,6.0,1000.0,0.04,0.1157240741201595
255,CatBoost Regressor Tuned,0.9748474434625716,0.8368446823756969,8.0,1750.0,0.02,0.1380027610868747
256,CatBoost Regressor Tuned,0.8867220102275298,0.8367209185717458,3.0,1600.0,0.04,0.050001091655784036
257,CatBoost Regressor Tuned,0.9476099912942983,0.8367181935190359,5.0,1750.0,0.03,0.11089179777526248
258,CatBoost Regressor Tuned,0.8737070492189208,0.8366695197546066,2.0,1250.0,0.1,0.03703752946431427
259,CatBoost Regressor Tuned,0.9056513958853952,0.8366548732899779,3.0,1600.0,0.05,0.06899652259541733
260,CatBoost Regressor Tuned,0.962823832507598,0.8366159560079134,6.0,1550.0,0.03,0.12620787649968457
261,CatBoost Regressor Tuned,0.9771792755675096,0.8364985622936668,10.0,1250.0,0.02,0.1406807132738428
262,CatBoost Regressor Tuned,0.9260835956965536,0.8363356619012652,4.0,2000.0,0.03,0.08974793379528845
263,CatBoost Regressor Tuned,0.9479744080592976,0.8362969084101229,5.0,1300.0,0.04,0.11167749964917462
264,CatBoost Regressor Tuned,0.9198855496549996,0.8360039934006831,3.0,1350.0,0.07,0.08388155625431648
265,CatBoost Regressor Tuned,0.9228491938816352,0.8357668675473269,4.0,1400.0,0.04,0.08708232633430835
266,CatBoost Regressor Tuned,0.9845685994308644,0.8357399590073438,8.0,1450.0,0.03,0.14882864042352062
267,CatBoost Regressor Tuned,0.9644354373505636,0.8356830685982288,6.0,1600.0,0.03,0.12875236875233476
268,CatBoost Regressor Tuned,0.9509988813256812,0.8351859242923544,5.0,1350.0,0.04,0.11581295703332684
269,CatBoost Regressor Tuned,0.9792107572077297,0.835156833889663,10.0,1300.0,0.02,0.14405392331806666
270,CatBoost Regressor Tuned,0.9744510970148704,0.8350923166968872,9.0,1400.0,0.02,0.1393587803179832
271,CatBoost Regressor Tuned,0.8955634736277852,0.8349665702511676,3.0,1750.0,0.04,0.060596903376617606
272,CatBoost Regressor Tuned,0.917975896542695,0.8346232500721008,4.0,1100.0,0.05,0.08335264647059415
273,CatBoost Regressor Tuned,0.9458081582108692,0.8346042142019685,5.0,1000.0,0.05,0.11120394400890066
274,CatBoost Regressor Tuned,0.9561766154553928,0.8344042196134898,6.0,1050.0,0.04,0.12177239584190303
275,CatBoost Regressor Tuned,0.959352261507746,0.8343546441703341,7.0,1150.0,0.03,0.12499761733741188
276,CatBoost Regressor Tuned,0.9683992180925888,0.8342119455302122,7.0,2000.0,0.02,0.1341872725623766
277,CatBoost Regressor Tuned,0.9804173837416252,0.8341538289820556,8.0,1000.0,0.04,0.14626355475956965
278,CatBoost Regressor Tuned,0.9852214993594216,0.8340962095988056,10.0,1000.0,0.03,0.151125289760616
279,CatBoost Regressor Tuned,0.9254013771646328,0.8340952310465377,4.0,1450.0,0.04,0.09130614611809507
280,CatBoost Regressor Tuned,0.921592620356434,0.8339225742451428,4.0,1150.0,0.05,0.08767004611129114
281,CatBoost Regressor Tuned,0.985868355427628,0.8337336425507574,8.0,1500.0,0.03,0.15213471287687053
282,CatBoost Regressor Tuned,0.9764349414427734,0.8335293815484922,9.0,1450.0,0.02,0.14290555989428122
283,CatBoost Regressor Tuned,0.8705316846155777,0.8334340710813446,2.0,1750.0,0.07,0.03709761353423313
284,CatBoost Regressor Tuned,0.9810536908875028,0.8333750185927848,10.0,1350.0,0.02,0.14767867229471798
285,CatBoost Regressor Tuned,0.9868765745159254,0.8332714409659127,10.0,1050.0,0.03,0.1536051335500127
286,CatBoost Regressor Tuned,0.9824305385574826,0.8331526961477684,8.0,1050.0,0.04,0.1492778424097142
287,CatBoost Regressor Tuned,0.9767417083131538,0.8331432851433456,9.0,1000.0,0.03,0.1435984231698082
288,CatBoost Regressor Tuned,0.9535328933991248,0.8329021398110266,5.0,1400.0,0.04,0.12063075358809827
289,CatBoost Regressor Tuned,0.9625893336926036,0.8326745935098444,7.0,1200.0,0.03,0.12991474018275917
290,CatBoost Regressor Tuned,0.9870162061826776,0.8326000737225855,8.0,1550.0,0.03,0.15441613246009211
291,CatBoost Regressor Tuned,0.9255854405399562,0.8325068812089605,4.0,1200.0,0.05,0.09307855933099562
292,CatBoost Regressor Tuned,0.988439024318095,0.8324896630533276,10.0,1100.0,0.03,0.15594936126476744
293,CatBoost Regressor Tuned,0.928251007450704,0.8324753668559964,4.0,1500.0,0.04,0.09577564059470756
294,CatBoost Regressor Tuned,0.8771098830714977,0.8324613817134361,2.0,1300.0,0.1,0.04464850135806164
295,CatBoost Regressor Tuned,0.9231361676440084,0.8324386915025517,3.0,1400.0,0.07,0.09069747614145673
296,CatBoost Regressor Tuned,0.9693516621299066,0.8322272113691407,6.0,1750.0,0.03,0.13712445076076596
297,CatBoost Regressor Tuned,0.9648421578119794,0.8319865710977894,7.0,1250.0,0.03,0.13285558671418995
298,CatBoost Regressor Tuned,0.9139868163700658,0.8319519219579744,3.0,1750.0,0.05,0.08203489441209144
299,CatBoost Regressor Tuned,0.9782185486482086,0.8319106257882259,9.0,1500.0,0.02,0.14630792285998262
300,CatBoost Regressor Tuned,0.9826477767410244,0.831837677986851,10.0,1400.0,0.02,0.1508100987541734
301,CatBoost Regressor Tuned,0.9492561226862528,0.8316852642399523,5.0,1050.0,0.05,0.11757085844630055
302,CatBoost Regressor Tuned,0.9589213040161608,0.8316731988286771,6.0,1100.0,0.04,0.12724810518748375
303,CatBoost Regressor Tuned,0.9790356867982272,0.8316351550629083,9.0,1050.0,0.03,0.14740053173531886
304,CatBoost Regressor Tuned,0.98799769078734,0.8315408298371721,8.0,1600.0,0.03,0.15645686095016786
305,CatBoost Regressor Tuned,0.9557127209901946,0.831466369569273,5.0,1450.0,0.04,0.12424635142092155
306,CatBoost Regressor Tuned,0.98429895119356,0.83145161577304,8.0,1100.0,0.04,0.15284733542051998
307,CatBoost Regressor Tuned,0.9809416148604252,0.8314243999633937,8.0,2000.0,0.02,0.14951721489703151
308,CatBoost Regressor Tuned,0.925732509984959,0.831027710964712,3.0,1450.0,0.07,0.09470479902024709
309,CatBoost Regressor Tuned,0.9309230096311052,0.8309709886200833,4.0,1550.0,0.04,0.09995202101102185
310,CatBoost Regressor Tuned,0.8806841278313388,0.8308665587036799,2.0,1350.0,0.1,0.04981756912765889
311,CatBoost Regressor Tuned,0.9332415477583904,0.8308332147145455,4.0,1600.0,0.04,0.10240833304384489
312,CatBoost Regressor Tuned,0.9840366739693944,0.8307953403489923,10.0,1450.0,0.02,0.15324133362040215
313,CatBoost Regressor Tuned,0.9897502816678876,0.8306084364846101,10.0,1150.0,0.03,0.15914184518327745
314,CatBoost Regressor Tuned,0.952343690335941,0.8305056592397684,5.0,1100.0,0.05,0.12183803109617264
315,CatBoost Regressor Tuned,0.9797720394808956,0.8304629680829119,9.0,1550.0,0.02,0.14930907139798377
316,CatBoost Regressor Tuned,0.9563143587196088,0.8303659320825171,5.0,2000.0,0.03,0.12594842663709171
317,CatBoost Regressor Tuned,0.9672837024427998,0.830244981494345,7.0,1300.0,0.03,0.13703872094845482
318,CatBoost Regressor Tuned,0.9691126706331964,0.8302403466872246,7.0,1000.0,0.04,0.13887232394597182
319,CatBoost Regressor Tuned,0.9858780950497268,0.8300713871478491,8.0,1150.0,0.04,0.15580670790187767
320,CatBoost Regressor Tuned,0.9290742425370024,0.8299393045759953,4.0,1250.0,0.05,0.09913493796100714
321,CatBoost Regressor Tuned,0.9853120999165036,0.82973778107882,10.0,1500.0,0.02,0.15557431883768358
322,CatBoost Regressor Tuned,0.9576800909094162,0.8294717334302892,5.0,1500.0,0.04,0.12820835747912696
323,CatBoost Regressor Tuned,0.9809423492120322,0.8294424426450977,9.0,1100.0,0.03,0.15149990656693446
324,CatBoost Regressor Tuned,0.9552458177411982,0.8292773484562728,5.0,1150.0,0.05,0.12596846928492544
325,CatBoost Regressor Tuned,0.9910551378198468,0.8291824842409865,10.0,1200.0,0.03,0.16187265357886027
326,CatBoost Regressor Tuned,0.884125111364611,0.8290402221423322,2.0,1400.0,0.1,0.05508488922227883
327,CatBoost Regressor Tuned,0.8867885359371699,0.8290156358091763,2.0,1450.0,0.1,0.05777290012799363
328,CatBoost Regressor Tuned,0.9896067758808776,0.8289550559588839,8.0,1000.0,0.05,0.16065171992199379
329,CatBoost Regressor Tuned,0.9616041621689396,0.8289183229200634,6.0,1150.0,0.04,0.13268583924887623
330,CatBoost Regressor Tuned,0.9284941749753324,0.8286045624192454,3.0,1500.0,0.07,0.09988961255608697
331,CatBoost Regressor Tuned,0.9811699577849744,0.8284918653509062,9.0,1600.0,0.02,0.15267809243406816
332,CatBoost Regressor Tuned,0.987352033897964,0.8284239379188563,8.0,1200.0,0.04,0.15892809597910773
333,CatBoost Regressor Tuned,0.9069626391390766,0.8284077413023259,3.0,2000.0,0.04,0.07855489783675074
334,CatBoost Regressor Tuned,0.9865427843848978,0.8283661518521885,10.0,1550.0,0.02,0.1581766325327093
335,CatBoost Regressor Tuned,0.9896297643376494,0.8282360509008686,9.0,1000.0,0.04,0.16139371343678077
336,CatBoost Regressor Tuned,0.9692047944927265,0.8281889444510561,7.0,1350.0,0.03,0.1410158500416704
337,CatBoost Regressor Tuned,0.992075939512562,0.827852556343118,10.0,1250.0,0.03,0.16422338316944396
338,CatBoost Regressor Tuned,0.9908130016420345,0.8277942847038161,8.0,1050.0,0.05,0.16301871693821834
339,CatBoost Regressor Tuned,0.9885874523786924,0.8276816791466728,8.0,1250.0,0.04,0.1609057732320196
340,CatBoost Regressor Tuned,0.9597981145581406,0.827678527914971,5.0,1550.0,0.04,0.13211958664316958
341,CatBoost Regressor Tuned,0.9876126403138418,0.8275007571190883,10.0,1600.0,0.02,0.16011188319475345
342,CatBoost Regressor Tuned,0.9576261529359236,0.8274321521524272,5.0,1200.0,0.05,0.1301940007834964
343,CatBoost Regressor Tuned,0.9826439325328128,0.8273995817312493,9.0,1150.0,0.03,0.1552443508015635
344,CatBoost Regressor Tuned,0.972020571615666,0.8272978810737109,7.0,1050.0,0.04,0.14472269054195508
345,CatBoost Regressor Tuned,0.9905862100498636,0.8272690335642585,8.0,1750.0,0.03,0.16331717648560506
346,CatBoost Regressor Tuned,0.939736854234575,0.827185393742967,4.0,1750.0,0.04,0.11255146049160802
347,CatBoost Regressor Tuned,0.9327294706851934,0.8270776271204866,4.0,1300.0,0.05,0.1056518435647068
348,CatBoost Regressor Tuned,0.9616445301217186,0.8269085403326183,5.0,1600.0,0.04,0.13473598978910029
349,CatBoost Regressor Tuned,0.9762500917449584,0.8267264965816139,6.0,2000.0,0.03,0.14952359516334446
350,CatBoost Regressor Tuned,0.9910418305939288,0.8267212557970489,9.0,1050.0,0.04,0.1643205747968799
351,CatBoost Regressor Tuned,0.9929864079020796,0.826705003800649,10.0,1300.0,0.03,0.16628140410143055
352,CatBoost Regressor Tuned,0.9920177488663984,0.8265981698018232,8.0,1100.0,0.05,0.16541957906457516
353,CatBoost Regressor Tuned,0.9641190307081822,0.8265022067844918,6.0,1200.0,0.04,0.13761682392369035
354,CatBoost Regressor Tuned,0.9713267938918282,0.8263056693216051,7.0,1400.0,0.03,0.1450211245702231
355,CatBoost Regressor Tuned,0.9921575489100994,0.8262157571937988,9.0,1100.0,0.04,0.16594179171630064
356,CatBoost Regressor Tuned,0.9310005333286996,0.8261793607081382,3.0,1550.0,0.07,0.10482117262056134
357,CatBoost Regressor Tuned,0.8894594520224107,0.8260191317464758,2.0,1500.0,0.1,0.06344032027593494
358,CatBoost Regressor Tuned,0.8833227317326958,0.825843941616228,2.0,2000.0,0.07,0.05747879011646784
359,CatBoost Regressor Tuned,0.9897705879381186,0.8257511865405681,8.0,1300.0,0.04,0.16401940139755045
360,CatBoost Regressor Tuned,0.960715028992969,0.8257382784355869,5.0,1250.0,0.05,0.13497675055738212
361,CatBoost Regressor Tuned,0.9937828657206972,0.8257039966338099,10.0,1350.0,0.03,0.1680788690868873
362,CatBoost Regressor Tuned,0.984389080337823,0.8253161079321136,9.0,1200.0,0.03,0.1590729724057094
363,CatBoost Regressor Tuned,0.984677985919121,0.8252681542786724,9.0,1750.0,0.02,0.15940983164044864
364,CatBoost Regressor Tuned,0.9929415528666324,0.8252435060028791,8.0,1150.0,0.05,0.16769804686375334
365,CatBoost Regressor Tuned,0.992961082207888,0.8251752581352976,9.0,1150.0,0.04,0.16778582407259046
366,CatBoost Regressor Tuned,0.9745383164586954,0.8251680097617111,7.0,1100.0,0.04,0.14937030669698426
367,CatBoost Regressor Tuned,0.9729025372045726,0.8251301768740914,7.0,1450.0,0.03,0.14777236033048124
368,CatBoost Regressor Tuned,0.9747571784815464,0.8245235367532459,7.0,1500.0,0.03,0.15023364172830056
369,CatBoost Regressor Tuned,0.9944971193752572,0.8245132161612926,10.0,1400.0,0.03,0.16998390321396462
370,CatBoost Regressor Tuned,0.993778141135912,0.8245039033565762,8.0,1200.0,0.05,0.1692742377793358
371,CatBoost Regressor Tuned,0.990842073012828,0.8244149076264329,8.0,1350.0,0.04,0.16642716538639513
372,CatBoost Regressor Tuned,0.9904207076186088,0.8243502270237468,10.0,1750.0,0.02,0.16607048059486196
373,CatBoost Regressor Tuned,0.993740099049864,0.8243242301149815,9.0,1200.0,0.04,0.16941586893488259
374,CatBoost Regressor Tuned,0.8920586808035397,0.8241121194736453,2.0,1550.0,0.1,0.0679465613298944
375,CatBoost Regressor Tuned,0.9944291088979244,0.8241094774845251,8.0,1250.0,0.05,0.17031963141339923
376,CatBoost Regressor Tuned,0.9630933597099054,0.8240224601148416,5.0,1300.0,0.05,0.1390708995950638
377,CatBoost Regressor Tuned,0.9860592698266708,0.8239934808326872,9.0,1250.0,0.03,0.1620657889939836
378,CatBoost Regressor Tuned,0.9934321040326244,0.8239239809375222,8.0,2000.0,0.03,0.16950812309510221
379,CatBoost Regressor Tuned,0.9762652225886592,0.8238479836672564,7.0,1550.0,0.03,0.1524172389214028
380,CatBoost Regressor Tuned,0.9359040412740296,0.8238223408972236,4.0,1350.0,0.05,0.11208170037680598
381,CatBoost Regressor Tuned,0.9950830712676768,0.8238198525970362,10.0,1450.0,0.03,0.17126321867064065
382,CatBoost Regressor Tuned,0.9943540588299924,0.8237445577520037,9.0,1250.0,0.04,0.17060950107798867
383,CatBoost Regressor Tuned,0.9333785529520614,0.8235808058163369,3.0,1600.0,0.07,0.10979774713572454
384,CatBoost Regressor Tuned,0.9949947504689416,0.8233393993038227,8.0,1300.0,0.05,0.17165535116511887
385,CatBoost Regressor Tuned,0.9956335382661714,0.8232975819149803,10.0,1500.0,0.03,0.17233595635119114
386,CatBoost Regressor Tuned,0.9765973079570188,0.8230222975012416,7.0,1150.0,0.04,0.15357501045577726
387,CatBoost Regressor Tuned,0.9917741964723809,0.8230160791580099,8.0,1400.0,0.04,0.16875811731437096
388,CatBoost Regressor Tuned,0.9960982839898116,0.8229012064491241,10.0,1550.0,0.03,0.17319707754068747
389,CatBoost Regressor Tuned,0.9667936216647192,0.8227422322600876,6.0,1250.0,0.04,0.14405138940463158
390,CatBoost Regressor Tuned,0.9949689712190358,0.822462148337587,9.0,1300.0,0.04,0.1725068228814488
391,CatBoost Regressor Tuned,0.9655835605783816,0.8222377763747177,5.0,1350.0,0.05,0.14334578420366384
392,CatBoost Regressor Tuned,0.938691894973186,0.8222208430774653,4.0,1400.0,0.05,0.1164710518957206
393,CatBoost Regressor Tuned,0.9955537878389108,0.8222139749879078,8.0,1350.0,0.05,0.17333981285100297
394,CatBoost Regressor Tuned,0.9875867550754304,0.8222046216685537,9.0,1300.0,0.03,0.16538213340687669
395,CatBoost Regressor Tuned,0.9779808500157988,0.8220446880542269,7.0,1600.0,0.03,0.1559361619615719
396,CatBoost Regressor Tuned,0.9654607158561248,0.8220209546180277,6.0,1000.0,0.05,0.1434397612380971
397,CatBoost Regressor Tuned,0.9965029853546502,0.8219241777289887,10.0,1600.0,0.03,0.17457880762566147
398,CatBoost Regressor Tuned,0.9666168641597076,0.8217618748265452,5.0,1750.0,0.04,0.14485498933316243
399,CatBoost Regressor Tuned,0.9925598296406444,0.821652187478989,8.0,1450.0,0.04,0.17090764216165533
400,CatBoost Regressor Tuned,0.9786637188345896,0.8215703464227199,7.0,1200.0,0.04,0.15709337241186971
401,CatBoost Regressor Tuned,0.9960431470135954,0.821333611211873,8.0,1400.0,0.05,0.17470953580172244
402,CatBoost Regressor Tuned,0.9954919263128076,0.8213241390032453,9.0,1350.0,0.04,0.17416778730956228
403,CatBoost Regressor Tuned,0.8948074507168575,0.8212705456347569,2.0,1600.0,0.1,0.07353690508210065
404,CatBoost Regressor Tuned,0.9932625005230484,0.8210557220516653,8.0,1500.0,0.04,0.1722067784713831
405,CatBoost Regressor Tuned,0.9807163167973204,0.821049474543853,7.0,1000.0,0.05,0.1596668422534674
406,CatBoost Regressor Tuned,0.924876144605444,0.8207887177924307,3.0,2000.0,0.05,0.1040874268130133
407,CatBoost Regressor Tuned,0.94118990916939,0.8207793050633672,4.0,1450.0,0.05,0.12041060410602289
408,CatBoost Regressor Tuned,0.9688267524120426,0.8206388022545059,6.0,1300.0,0.04,0.14818795015753672
409,CatBoost Regressor Tuned,0.9675768998628764,0.8204332979630604,5.0,1400.0,0.05,0.147143601899816
410,CatBoost Regressor Tuned,0.9935318358434878,0.8204329204886278,10.0,2000.0,0.02,0.17309891535486
411,CatBoost Regressor Tuned,0.9945808764912368,0.8203187405032193,9.0,1000.0,0.05,0.17426213598801754
412,CatBoost Regressor Tuned,0.9888451322413836,0.8202764368105562,9.0,1350.0,0.03,0.16856869543082742
413,CatBoost Regressor Tuned,0.9681887744941948,0.8199990662391525,6.0,1050.0,0.05,0.1481897082550423
414,CatBoost Regressor Tuned,0.9959894685253644,0.8199989151428069,9.0,1400.0,0.04,0.17599055338255754
415,CatBoost Regressor Tuned,0.9965274058995176,0.819939904463988,8.0,1450.0,0.05,0.1765875014355296
416,CatBoost Regressor Tuned,0.9892350297868016,0.8198597073673599,9.0,2000.0,0.02,0.16937532241944164
417,CatBoost Regressor Tuned,0.9827417131516848,0.8197910473171346,7.0,1050.0,0.05,0.1629506658345502
418,CatBoost Regressor Tuned,0.9653159798911656,0.8196400218978683,5.0,1000.0,0.07,0.14567595799329724
419,CatBoost Regressor Tuned,0.9974933004811462,0.8195869097350401,10.0,1750.0,0.03,0.17790639074610604
420,CatBoost Regressor Tuned,0.9705060555828402,0.819461897766937,6.0,1350.0,0.04,0.1510441578159032
421,CatBoost Regressor Tuned,0.9938922529422832,0.819386429378836,8.0,1550.0,0.04,0.17450582356344724
422,CatBoost Regressor Tuned,0.980292148990506,0.8192621595129743,7.0,1250.0,0.04,0.16102998947753167
423,CatBoost Regressor Tuned,0.9491580676599392,0.8191593568968489,4.0,2000.0,0.04,0.12999871076309022
424,CatBoost Regressor Tuned,0.9285567507682104,0.8191116268019335,3.0,1000.0,0.1,0.10944512396627692
425,CatBoost Regressor Tuned,0.9953950738103612,0.8190424511942522,9.0,1050.0,0.05,0.17635262261610896
426,CatBoost Regressor Tuned,0.9968819276748596,0.8189836424027013,8.0,1500.0,0.05,0.17789828527215834
427,CatBoost Regressor Tuned,0.901484857383083,0.8189505647729719,2.0,1750.0,0.1,0.08253429261011114
428,CatBoost Regressor Tuned,0.9964328223179078,0.8189182561512769,9.0,1450.0,0.04,0.17751456616663086
429,CatBoost Regressor Tuned,0.98162431775755,0.8188108424902285,7.0,1750.0,0.03,0.16281347526732148
430,CatBoost Regressor Tuned,0.9432503249986884,0.818780430108569,4.0,1500.0,0.05,0.12446989489011939
431,CatBoost Regressor Tuned,0.9899850431267444,0.8186860859992753,9.0,1400.0,0.03,0.17129895712746912
432,CatBoost Regressor Tuned,0.9415311233988164,0.8184681481690838,4.0,1000.0,0.07,0.12306297522973264
433,CatBoost Regressor Tuned,0.997173870994586,0.8183550253235929,8.0,1550.0,0.05,0.17881884567099304
434,CatBoost Regressor Tuned,0.9944275212109546,0.8183022741801231,8.0,1600.0,0.04,0.17612524703083143
435,CatBoost Regressor Tuned,0.9694131305764296,0.8182204591273056,5.0,1450.0,0.05,0.15119267144912407
436,CatBoost Regressor Tuned,0.9960864931878954,0.8181582215975992,9.0,1100.0,0.05,0.17792827159029623
437,CatBoost Regressor Tuned,0.9322288568118924,0.8180682604083255,3.0,1050.0,0.1,0.1141605964035669
438,CatBoost Regressor Tuned,0.996803338042597,0.8180467068937408,9.0,1500.0,0.04,0.1787566311488562
439,CatBoost Regressor Tuned,0.9722598953017928,0.8178206094565807,6.0,1400.0,0.04,0.15443928584521205
440,CatBoost Regressor Tuned,0.9845439875828106,0.8177736515679805,7.0,1100.0,0.05,0.16677033601483005
441,CatBoost Regressor Tuned,0.970509687933272,0.8177564486477464,6.0,1100.0,0.05,0.15275323928552553
442,CatBoost Regressor Tuned,0.9457328928333432,0.8176922080843116,4.0,1550.0,0.05,0.12804068474903152
443,CatBoost Regressor Tuned,0.9910172957859956,0.8174176665568533,9.0,1450.0,0.03,0.1735996292291423
444,CatBoost Regressor Tuned,0.9971247794297364,0.8173712843808951,9.0,1550.0,0.04,0.1797534950488413
445,CatBoost Regressor Tuned,0.997514192337944,0.8172149426761538,8.0,1600.0,0.05,0.18029924966179023
446,CatBoost Regressor Tuned,0.9818971191431508,0.8169521683862558,7.0,1300.0,0.04,0.16494495075689497
447,CatBoost Regressor Tuned,0.9974176110069478,0.8169062903571807,9.0,1600.0,0.04,0.18051132064976716
448,CatBoost Regressor Tuned,0.983208142927696,0.8168432772715656,5.0,1000.0,0.1,0.1663648656561304
449,CatBoost Regressor Tuned,0.9966310129177908,0.8168417508264707,9.0,1150.0,0.05,0.17978926209132007
450,CatBoost Regressor Tuned,0.9712345734764212,0.8167228192508397,5.0,1500.0,0.05,0.1545117542255815
451,CatBoost Regressor Tuned,0.9478110380048524,0.8166938736705669,4.0,1600.0,0.05,0.13111716433428555
452,CatBoost Regressor Tuned,0.962702223667264,0.8164496429706336,4.0,1000.0,0.1,0.14625258069663039
453,CatBoost Regressor Tuned,0.998506484081727,0.8164144781709286,10.0,2000.0,0.03,0.18209200591079844
454,CatBoost Regressor Tuned,0.99188123597017,0.8163917343541662,9.0,1500.0,0.03,0.17548950161600374
455,CatBoost Regressor Tuned,0.99709179749744,0.816207970965895,9.0,1200.0,0.05,0.180883826531545
456,CatBoost Regressor Tuned,0.9916906781214684,0.8158700705655816,7.0,1000.0,0.07,0.1758206075558868
457,CatBoost Regressor Tuned,0.995827393731432,0.8158015371069334,8.0,1750.0,0.04,0.18002585662449866
458,CatBoost Regressor Tuned,0.9682243622345652,0.8157999434251575,5.0,1050.0,0.07,0.1524244188094077
459,CatBoost Regressor Tuned,0.986011796958781,0.8157115584349451,7.0,1150.0,0.05,0.1703002385238359
460,CatBoost Regressor Tuned,0.9833447669952152,0.8156536560564613,7.0,1350.0,0.04,0.16769111093875388
461,CatBoost Regressor Tuned,0.992632516569324,0.8155774063360174,9.0,1550.0,0.03,0.17705511023330667
462,CatBoost Regressor Tuned,0.9974646969630268,0.8154750115119749,9.0,1250.0,0.05,0.18198968545105187
463,CatBoost Regressor Tuned,0.9980752550343196,0.815264884433123,9.0,1750.0,0.04,0.18281037060119665
464,CatBoost Regressor Tuned,0.9862214718616664,0.8152465516989837,7.0,2000.0,0.03,0.17097492016268268
465,CatBoost Regressor Tuned,0.9399353134517864,0.8151624105220184,3.0,1750.0,0.07,0.12477290292976795
466,CatBoost Regressor Tuned,0.973053411864216,0.8151292234672667,6.0,1150.0,0.05,0.15792418839694933
467,CatBoost Regressor Tuned,0.9981836718859524,0.8150899797364868,8.0,1750.0,0.05,0.18309369214946558
468,CatBoost Regressor Tuned,0.974393277526628,0.8149950478865664,6.0,1450.0,0.04,0.15939822964006156
469,CatBoost Regressor Tuned,0.9932972986186244,0.8149315182898147,9.0,1600.0,0.03,0.17836578032880968
470,CatBoost Regressor Tuned,0.9977756579425427,0.8147203502076189,9.0,1300.0,0.05,0.18305530773492384
471,CatBoost Regressor Tuned,0.9729400530572638,0.8146787269473217,5.0,1550.0,0.05,0.15826132610994215
472,CatBoost Regressor Tuned,0.9649971144604476,0.8145383702455938,4.0,1050.0,0.1,0.15045874421485372
473,CatBoost Regressor Tuned,0.9453675921302698,0.8144539295258482,4.0,1050.0,0.07,0.1309136626044216
474,CatBoost Regressor Tuned,0.9359271962413352,0.8143142617629313,3.0,1100.0,0.1,0.12161293447840393
475,CatBoost Regressor Tuned,0.9744437974050718,0.8140983235482347,5.0,1600.0,0.05,0.16034547385683706
476,CatBoost Regressor Tuned,0.98506848390289,0.8139384369066873,5.0,1050.0,0.1,0.1711300469962027
477,CatBoost Regressor Tuned,0.9707473058986752,0.813874126070489,5.0,1100.0,0.07,0.15687317982818616
478,CatBoost Regressor Tuned,0.9846477932129928,0.8137860316342542,7.0,1400.0,0.04,0.17086176157873856
479,CatBoost Regressor Tuned,0.9754695122919992,0.8136992305759873,6.0,1200.0,0.05,0.16177028171601193
480,CatBoost Regressor Tuned,0.9928256462114162,0.8135380986205636,7.0,1050.0,0.07,0.17928754759085264
481,CatBoost Regressor Tuned,0.9988162155825976,0.8134028888251384,9.0,2000.0,0.04,0.18541332675745914
482,CatBoost Regressor Tuned,0.9674356285109555,0.8133973936364114,4.0,1100.0,0.1,0.15403823487454416
483,CatBoost Regressor Tuned,0.9980935106803892,0.8133675681147644,9.0,1350.0,0.05,0.1847259425656248
484,CatBoost Regressor Tuned,0.99703652313294,0.8132269231032039,7.0,1000.0,0.1,0.18380960002973612
485,CatBoost Regressor Tuned,0.9735751136321398,0.8131996563968834,5.0,2000.0,0.04,0.16037545723525637
486,CatBoost Regressor Tuned,0.987493714773604,0.8131906016484691,7.0,1200.0,0.05,0.1743031131251349
487,CatBoost Regressor Tuned,0.9857951941165336,0.8130801143838033,7.0,1450.0,0.04,0.17271507973273026
488,CatBoost Regressor Tuned,0.9760455042622592,0.8130136468437092,6.0,1500.0,0.04,0.16303185741854997
489,CatBoost Regressor Tuned,0.9731690767374312,0.8127806824597311,5.0,1150.0,0.07,0.16038839427770013
490,CatBoost Regressor Tuned,0.9975099723965272,0.8125929542069296,7.0,1050.0,0.1,0.1849170181895976
491,CatBoost Regressor Tuned,0.9974304803964718,0.8123798569984446,8.0,2000.0,0.04,0.18505062339802714
492,CatBoost Regressor Tuned,0.9982003835591908,0.8122489514828151,9.0,1000.0,0.07,0.18595143207637577
493,CatBoost Regressor Tuned,0.9983426919752802,0.8122225326724499,9.0,1400.0,0.05,0.18612015930283032
494,CatBoost Regressor Tuned,0.9985610049007408,0.812099449516198,9.0,1450.0,0.05,0.1864615553845429
495,CatBoost Regressor Tuned,0.9936268126564708,0.8119952822673402,7.0,1100.0,0.07,0.1816315303891306
496,CatBoost Regressor Tuned,0.9989162803655404,0.8118543757028202,8.0,2000.0,0.05,0.1870619046627202
497,CatBoost Regressor Tuned,0.9774425305153096,0.8118302229657818,6.0,1550.0,0.04,0.16561230754952783
498,CatBoost Regressor Tuned,0.9864709340224416,0.811818103151578,5.0,1100.0,0.1,0.17465283087086358
499,CatBoost Regressor Tuned,0.9753251420148482,0.8116347004853379,5.0,1200.0,0.07,0.1636904415295103
500,CatBoost Regressor Tuned,0.9985131827252902,0.8115770337225382,9.0,1050.0,0.07,0.18693614900275202
501,CatBoost Regressor Tuned,0.9886553536843437,0.8114960458011828,7.0,1250.0,0.05,0.1771593078831608
502,CatBoost Regressor Tuned,0.997875304589167,0.8114945648861382,7.0,1100.0,0.1,0.1863807397030287
503,CatBoost Regressor Tuned,0.9485338891594696,0.8113520823415552,4.0,1100.0,0.07,0.13718180681791436
504,CatBoost Regressor Tuned,0.986782585321409,0.811197875601699,7.0,1500.0,0.04,0.17558470971970996
505,CatBoost Regressor Tuned,0.97753954733271,0.8111476235660798,6.0,1250.0,0.05,0.16639192376663015
506,CatBoost Regressor Tuned,0.9987308801853636,0.8110727604645065,9.0,1500.0,0.05,0.1876581197208571
507,CatBoost Regressor Tuned,0.9950875650422678,0.8110552862124061,9.0,1750.0,0.03,0.18403227882986173
508,CatBoost Regressor Tuned,0.9511608021849414,0.8108610956374673,4.0,1150.0,0.07,0.14029970654747403
509,CatBoost Regressor Tuned,0.9789318357526,0.8107843658140061,6.0,1600.0,0.04,0.16814746993859386
510,CatBoost Regressor Tuned,0.9988880158291298,0.8105848452059367,9.0,1550.0,0.05,0.18830317062319313
511,CatBoost Regressor Tuned,0.9987888572138932,0.8105047126948418,9.0,1100.0,0.07,0.1882841445190514
512,CatBoost Regressor Tuned,0.9394333612945224,0.8104713683865457,3.0,1150.0,0.1,0.12896199290797672
513,CatBoost Regressor Tuned,0.9959882364077528,0.8103955750057885,8.0,1000.0,0.07,0.1855926614019643
514,CatBoost Regressor Tuned,0.9982067158300706,0.8103792810832529,7.0,1150.0,0.1,0.18782743474681773
515,CatBoost Regressor Tuned,0.9539589145711476,0.8103700974130144,4.0,1750.0,0.05,0.1435888171581332
516,CatBoost Regressor Tuned,0.9107514983015896,0.8103588596713184,2.0,2000.0,0.1,0.10039263863027126
517,CatBoost Regressor Tuned,0.9944195912307724,0.8103512822435174,7.0,1150.0,0.07,0.184068308987255
518,CatBoost Regressor Tuned,0.9896605633902694,0.8103019287183728,7.0,1300.0,0.05,0.1793586346718966
519,CatBoost Regressor Tuned,0.9768958434923904,0.8101669205056563,5.0,1250.0,0.07,0.16672892298673414
520,CatBoost Regressor Tuned,0.947253183400815,0.8100729512499132,3.0,2000.0,0.07,0.1371802321509018
521,CatBoost Regressor Tuned,0.969730730848082,0.8100472442833924,4.0,1150.0,0.1,0.15968348656468967
522,CatBoost Regressor Tuned,0.9989832866690808,0.8098525945808287,9.0,1150.0,0.07,0.18913069208825206
523,CatBoost Regressor Tuned,0.9990286352856764,0.8097693412280126,9.0,1600.0,0.05,0.18925929405766384
524,CatBoost Regressor Tuned,0.9878275538106008,0.8096287669770389,7.0,1550.0,0.04,0.17819878683356194
525,CatBoost Regressor Tuned,0.9876759331611143,0.8095745793217363,5.0,1150.0,0.1,0.17810135383937808
526,CatBoost Regressor Tuned,0.9786558542045452,0.8093842946984289,5.0,1750.0,0.05,0.16927155950611628
527,CatBoost Regressor Tuned,0.9984996167561364,0.8093067044628937,7.0,1200.0,0.1,0.18919291229324275
528,CatBoost Regressor Tuned,0.999136194172837,0.8092112488094394,9.0,1200.0,0.07,0.18992494536339766
529,CatBoost Regressor Tuned,0.990683006913814,0.8091950627091481,7.0,1350.0,0.05,0.18148794420466585
530,CatBoost Regressor Tuned,0.9538159355962026,0.8091444121321598,4.0,1200.0,0.07,0.14467152346404277
531,CatBoost Regressor Tuned,0.9784827237077666,0.8091053271296714,5.0,1300.0,0.07,0.16937739657809514
532,CatBoost Regressor Tuned,0.9965206581945396,0.8090946125214888,8.0,1050.0,0.07,0.18742604567305077
533,CatBoost Regressor Tuned,0.9823706250943244,0.8089411372922606,6.0,1750.0,0.04,0.1734294878020638
534,CatBoost Regressor Tuned,0.9950948715105712,0.8088986968561713,7.0,1200.0,0.07,0.18619617465439986
535,CatBoost Regressor Tuned,0.998735335806535,0.8088689655031923,7.0,1250.0,0.1,0.18986637030334264
536,CatBoost Regressor Tuned,0.9794922749598484,0.8088189614438938,6.0,1300.0,0.05,0.1706733135159546
537,CatBoost Regressor Tuned,0.9992727703262476,0.8087448910053123,9.0,1250.0,0.07,0.1905278793209353
538,CatBoost Regressor Tuned,0.9719278397865097,0.8086366714674794,4.0,1200.0,0.1,0.16329116831903023
539,CatBoost Regressor Tuned,0.9887656976075264,0.8084636568699721,7.0,1600.0,0.04,0.1803020407375543
540,CatBoost Regressor Tuned,0.997036253938186,0.808442559356607,8.0,1100.0,0.07,0.18859369458157893
541,CatBoost Regressor Tuned,0.99935309238503,0.808252601837471,9.0,1750.0,0.05,0.19110049054755895
542,CatBoost Regressor Tuned,0.942679488443712,0.8082389471673829,3.0,1200.0,0.1,0.1344405412763291
543,CatBoost Regressor Tuned,0.991510920721878,0.8081909919041594,7.0,1400.0,0.05,0.18331992881771852
544,CatBoost Regressor Tuned,0.998921155612002,0.8081825756846621,7.0,1300.0,0.1,0.1907385799273399
545,CatBoost Regressor Tuned,0.999391652231426,0.807967768748257,9.0,1300.0,0.07,0.19142388348316897
546,CatBoost Regressor Tuned,0.9990837610263276,0.8077061090990664,7.0,1350.0,0.1,0.1913776519272612
547,CatBoost Regressor Tuned,0.9994917995935904,0.8076182266040164,9.0,1350.0,0.07,0.19187357298957397
548,CatBoost Regressor Tuned,0.988808981113217,0.8076010670577015,5.0,1200.0,0.1,0.1812079140555155
549,CatBoost Regressor Tuned,0.9922716763361158,0.8075472499228535,7.0,1450.0,0.05,0.18472442641326225
550,CatBoost Regressor Tuned,0.9801931431210748,0.807408934283709,5.0,1350.0,0.07,0.17278420883736578
551,CatBoost Regressor Tuned,0.9968597860969304,0.8073101982021786,9.0,2000.0,0.03,0.18954958789475174
552,CatBoost Regressor Tuned,0.9995752871367292,0.8072969892874702,9.0,1400.0,0.07,0.19227829784925898
553,CatBoost Regressor Tuned,0.995724198221294,0.807278463104854,7.0,1250.0,0.07,0.18844573511644003
554,CatBoost Regressor Tuned,0.9975187229137668,0.8072562281018367,8.0,1150.0,0.07,0.19026249481193003
555,CatBoost Regressor Tuned,0.9565323516769808,0.8071323179109303,4.0,1250.0,0.07,0.1494000337660505
556,CatBoost Regressor Tuned,0.999637772943614,0.8068340000357552,9.0,1450.0,0.07,0.19280377290785877
557,CatBoost Regressor Tuned,0.9978607197992804,0.8066126307416697,8.0,1200.0,0.07,0.1912480890576107
558,CatBoost Regressor Tuned,0.9992307491772312,0.8065161434475849,7.0,1400.0,0.1,0.19271460572964627
559,CatBoost Regressor Tuned,0.9811478762568488,0.8064484695800265,6.0,1350.0,0.05,0.17469940667682238
560,CatBoost Regressor Tuned,0.9996932088600684,0.8064220538181146,9.0,1500.0,0.07,0.1932711550419538
561,CatBoost Regressor Tuned,0.9996643682471836,0.8061348814129015,9.0,2000.0,0.05,0.19352948683428217
562,CatBoost Regressor Tuned,0.9997378152880116,0.8061113974541958,9.0,1550.0,0.07,0.19362641783381584
563,CatBoost Regressor Tuned,0.9997726352925392,0.80585091012168,9.0,1600.0,0.07,0.19392172517085926
564,CatBoost Regressor Tuned,0.9898532205722428,0.8058079312201577,5.0,1250.0,0.1,0.18404528935208508
565,CatBoost Regressor Tuned,0.996297534220271,0.8058065143760526,7.0,1300.0,0.07,0.19049101984421846
566,CatBoost Regressor Tuned,0.973916267199376,0.8057874459174738,4.0,1250.0,0.1,0.1681288212819022
567,CatBoost Regressor Tuned,0.9993362061289996,0.8057728481766991,7.0,1450.0,0.1,0.1935633579523005
568,CatBoost Regressor Tuned,0.998177824367544,0.8057372379696492,8.0,1250.0,0.07,0.19244058639789474
569,CatBoost Regressor Tuned,0.9994314532133554,0.8054057160649098,7.0,1500.0,0.1,0.1940257371484455
570,CatBoost Regressor Tuned,0.9992512837573186,0.8054003805147287,10.0,1000.0,0.07,0.1938509032425899
571,CatBoost Regressor Tuned,0.9929642287744972,0.8053123507539673,7.0,1500.0,0.05,0.18765187802052985
572,CatBoost Regressor Tuned,0.9911128491036056,0.805213386741635,7.0,1750.0,0.04,0.18589946236197064
573,CatBoost Regressor Tuned,0.9967187009717532,0.8051870665836676,7.0,1350.0,0.07,0.19153163438808563
574,CatBoost Regressor Tuned,0.9995205795165776,0.8051829673080657,7.0,1550.0,0.1,0.19433761220851187
575,CatBoost Regressor Tuned,0.9825966475008948,0.8051334586788891,6.0,1400.0,0.05,0.17746318882200574
576,CatBoost Regressor Tuned,0.9998679528349588,0.805055173830945,9.0,1750.0,0.07,0.19481277900401373
577,CatBoost Regressor Tuned,0.9984476692520092,0.8048523854090632,8.0,1300.0,0.07,0.193595283842946
578,CatBoost Regressor Tuned,0.9815925364685304,0.8047767058577885,5.0,1400.0,0.07,0.1768158306107419
579,CatBoost Regressor Tuned,0.999600017493378,0.8047496578593492,7.0,1600.0,0.1,0.19485035963402886
580,CatBoost Regressor Tuned,0.9993847039204656,0.8047174931314143,10.0,1050.0,0.07,0.19466721078905136
581,CatBoost Regressor Tuned,0.9971373563789788,0.8045522348952245,7.0,1400.0,0.07,0.19258512148375428
582,CatBoost Regressor Tuned,0.9999394412824626,0.8043939511542437,9.0,2000.0,0.07,0.19554549012821887
583,CatBoost Regressor Tuned,0.993621768423566,0.8043279639747634,7.0,1550.0,0.05,0.18929380444880262
584,CatBoost Regressor Tuned,0.9995070047626904,0.8040648301253209,10.0,1100.0,0.07,0.19544217463736946
585,CatBoost Regressor Tuned,0.9454243140067732,0.8040112827034157,3.0,1250.0,0.1,0.14141303130335747
586,CatBoost Regressor Tuned,0.9986642594386308,0.8039965025075673,8.0,1350.0,0.07,0.19466775693106353
587,CatBoost Regressor Tuned,0.9997525113130205,0.8038255453445459,7.0,1750.0,0.1,0.1959269659684746
588,CatBoost Regressor Tuned,0.9942121236797972,0.8037327688046824,10.0,1000.0,0.04,0.1904793548751148
589,CatBoost Regressor Tuned,0.99074495205713,0.8035401923224055,5.0,1300.0,0.1,0.1872047597347245
590,CatBoost Regressor Tuned,0.9974482232344049,0.8034967732385294,7.0,1450.0,0.07,0.19395144999587544
591,CatBoost Regressor Tuned,0.9988428808259292,0.8034938215468113,8.0,1400.0,0.07,0.19534905927911794
592,CatBoost Regressor Tuned,0.9996035334933272,0.8034779500765937,10.0,1150.0,0.07,0.19612558341673347
593,CatBoost Regressor Tuned,0.9941794105304654,0.803410261412194,7.0,1600.0,0.05,0.19076914911827147
594,CatBoost Regressor Tuned,0.982770593384956,0.8033356147205357,5.0,1450.0,0.07,0.17943497866442026
595,CatBoost Regressor Tuned,0.9593222052747028,0.8032716223408084,4.0,1300.0,0.07,0.1560505829338944
596,CatBoost Regressor Tuned,0.9841373259534154,0.8032552544000312,6.0,1450.0,0.05,0.1808820715533842
597,CatBoost Regressor Tuned,0.9996795936318016,0.8030806769930051,10.0,1200.0,0.07,0.19659891663879647
598,CatBoost Regressor Tuned,0.9838719960487312,0.8028789271617098,5.0,1500.0,0.07,0.18099306888702138
599,CatBoost Regressor Tuned,0.9977206371750792,0.8027199835748011,7.0,1500.0,0.07,0.19500065360027807
600,CatBoost Regressor Tuned,0.9997396604657708,0.8027130825795845,10.0,1250.0,0.07,0.19702657788618627
601,CatBoost Regressor Tuned,0.99901920790401,0.8026525978727324,8.0,1450.0,0.07,0.19636661003127764
602,CatBoost Regressor Tuned,0.962106501855976,0.802548274292081,4.0,2000.0,0.05,0.15955822756389504
603,CatBoost Regressor Tuned,0.9997888426030306,0.8024312654342154,10.0,1300.0,0.07,0.1973575771688152
604,CatBoost Regressor Tuned,0.9841017159297044,0.8024093459302354,5.0,2000.0,0.05,0.18169236999946903
605,CatBoost Regressor Tuned,0.9757250756029072,0.8023975091686197,4.0,1300.0,0.1,0.17332756643428748
606,CatBoost Regressor Tuned,0.999883262679868,0.8023620455741904,7.0,2000.0,0.1,0.1975212171056776
607,CatBoost Regressor Tuned,0.9950833915425732,0.8022906952892388,10.0,1050.0,0.04,0.1927926962533344
608,CatBoost Regressor Tuned,0.9854040831843498,0.8022306507214503,6.0,1500.0,0.05,0.18317343246289952
609,CatBoost Regressor Tuned,0.9998311657441828,0.8019708230596538,10.0,1350.0,0.07,0.197860342684529
610,CatBoost Regressor Tuned,0.9991406090352456,0.801965540393004,8.0,1500.0,0.07,0.19717506864224155
611,CatBoost Regressor Tuned,0.9915863162033052,0.801941259556253,5.0,1350.0,0.1,0.18964505664705222
612,CatBoost Regressor Tuned,0.9979736655967631,0.8018912307510997,7.0,1550.0,0.07,0.19608243484566346
613,CatBoost Regressor Tuned,0.9614684727615264,0.8017536710174817,4.0,1350.0,0.07,0.15971480174404462
614,CatBoost Regressor Tuned,0.9870792588243243,0.801715873157878,6.0,2000.0,0.04,0.1853633856664464
615,CatBoost Regressor Tuned,0.999865649475182,0.801459378497505,10.0,1400.0,0.07,0.19840627097767694
616,CatBoost Regressor Tuned,0.985061442961598,0.8014400445962215,5.0,1550.0,0.07,0.1836213983653765
617,CatBoost Regressor Tuned,0.9992530063918984,0.8013585472967802,8.0,1550.0,0.07,0.19789445909511816
618,CatBoost Regressor Tuned,0.9998902246193582,0.8013067970757135,10.0,1450.0,0.07,0.19858342754364466
619,CatBoost Regressor Tuned,0.999908908024976,0.8012748260897674,10.0,1500.0,0.07,0.1986340819352086
620,CatBoost Regressor Tuned,0.9999243554043328,0.8011031099590342,10.0,1550.0,0.07,0.19882124544529856
621,CatBoost Regressor Tuned,0.995701756571013,0.801095506731122,10.0,1100.0,0.04,0.19460624983989105
622,CatBoost Regressor Tuned,0.9993452612914016,0.8010095342693133,8.0,1600.0,0.07,0.19833572702208824
623,CatBoost Regressor Tuned,0.9773775797258348,0.800953475082615,4.0,1350.0,0.1,0.17642410464321978
624,CatBoost Regressor Tuned,0.998218447707181,0.8009222317043578,7.0,1600.0,0.07,0.1972962160028232
625,CatBoost Regressor Tuned,0.9999371596916632,0.8008724575002472,10.0,1600.0,0.07,0.19906470219141603
626,CatBoost Regressor Tuned,0.9865824376590924,0.8006927068239535,6.0,1550.0,0.05,0.18588973083513882
627,CatBoost Regressor Tuned,0.9999641749567848,0.8004961607767793,10.0,1750.0,0.07,0.19946801418000548
628,CatBoost Regressor Tuned,0.9861430499182994,0.8004595004060359,5.0,1600.0,0.07,0.1856835495122635
629,CatBoost Regressor Tuned,0.995580735139988,0.8003799819448039,7.0,1750.0,0.05,0.19520075319518415
630,CatBoost Regressor Tuned,0.9938988838733028,0.8003500367966628,7.0,2000.0,0.04,0.19354884707664
631,CatBoost Regressor Tuned,0.9999871440929804,0.7999460198264692,10.0,2000.0,0.07,0.20004112426651122
632,CatBoost Regressor Tuned,0.9923284237097336,0.7997556209144064,5.0,1400.0,0.1,0.19257280279532718
633,CatBoost Regressor Tuned,0.9995781052451356,0.7997529955096389,8.0,1750.0,0.07,0.19982510973549672
634,CatBoost Regressor Tuned,0.9962968291663116,0.7997246532826097,10.0,1150.0,0.04,0.1965721758837019
635,CatBoost Regressor Tuned,0.9929560706960566,0.7997066930677026,5.0,1450.0,0.1,0.19324937762835404
636,CatBoost Regressor Tuned,0.9987139635040562,0.7994520923783843,7.0,1750.0,0.07,0.19926187112567184
637,CatBoost Regressor Tuned,0.9481719592422332,0.7994261337848223,3.0,1300.0,0.1,0.14874582545741089
638,CatBoost Regressor Tuned,0.987655954498704,0.7994200664819958,6.0,1600.0,0.05,0.1882358880167082
639,CatBoost Regressor Tuned,0.9633009319682349,0.7992457660140843,4.0,1400.0,0.07,0.1640551659541506
640,CatBoost Regressor Tuned,0.9968077372190788,0.7984411617344984,10.0,1200.0,0.04,0.19836657548458037
641,CatBoost Regressor Tuned,0.978958232856585,0.7981077050792762,4.0,1400.0,0.1,0.1808505277773088
642,CatBoost Regressor Tuned,0.9997963759072822,0.7979257241637596,8.0,2000.0,0.07,0.2018706517435226
643,CatBoost Regressor Tuned,0.9992697221738736,0.7975350368018328,7.0,2000.0,0.07,0.20173468537204076
644,CatBoost Regressor Tuned,0.9969479935740744,0.7973896933072316,10.0,1000.0,0.05,0.19955830026684274
645,CatBoost Regressor Tuned,0.9501695682307926,0.7972274222702331,3.0,1350.0,0.1,0.15294214596055944
646,CatBoost Regressor Tuned,0.9972260173885642,0.7970129128875874,10.0,1250.0,0.04,0.20021310450097685
647,CatBoost Regressor Tuned,0.980213190473148,0.7968569779114275,4.0,1450.0,0.1,0.18335621256172052
648,CatBoost Regressor Tuned,0.9936257255700076,0.7967634515445798,5.0,1500.0,0.1,0.19686227402542777
649,CatBoost Regressor Tuned,0.9651744874189178,0.7966944233466835,4.0,1450.0,0.07,0.16848006407223426
650,CatBoost Regressor Tuned,0.9971645837288172,0.7966473794499744,7.0,2000.0,0.05,0.2005172042788428
651,CatBoost Regressor Tuned,0.991955997622616,0.7965979319167708,6.0,1000.0,0.1,0.19535806570584524
652,CatBoost Regressor Tuned,0.9975940810429346,0.79619178031351,10.0,1300.0,0.04,0.20140230072942455
653,CatBoost Regressor Tuned,0.988651577954098,0.7959379949022807,5.0,1750.0,0.07,0.1927135830518173
654,CatBoost Regressor Tuned,0.997392235574094,0.7958847516628816,10.0,1050.0,0.05,0.20150748391121232
655,CatBoost Regressor Tuned,0.9995804257760388,0.7954855483437829,9.0,1000.0,0.1,0.20409487743225585
656,CatBoost Regressor Tuned,0.9814582693180464,0.7954616834157869,4.0,1500.0,0.1,0.18599658590225943
657,CatBoost Regressor Tuned,0.9978985512939093,0.7954025942135226,10.0,1350.0,0.04,0.2024959570803867
658,CatBoost Regressor Tuned,0.9521246486402076,0.7953709112180972,3.0,1400.0,0.1,0.1567537374221104
659,CatBoost Regressor Tuned,0.9902252211735192,0.795267919694695,6.0,1750.0,0.05,0.19495730147882417
660,CatBoost Regressor Tuned,0.9941817704388768,0.7949570346702022,5.0,1550.0,0.1,0.1992247357686746
661,CatBoost Regressor Tuned,0.999665394617654,0.79487254423665,9.0,1050.0,0.1,0.20479285038100403
662,CatBoost Regressor Tuned,0.9669159011035774,0.7947764430132872,4.0,1500.0,0.07,0.1721394580902902
663,CatBoost Regressor Tuned,0.9978067452211276,0.7946847348793356,10.0,1100.0,0.05,0.203122010341792
664,CatBoost Regressor Tuned,0.998163673181918,0.7945123554404,10.0,1400.0,0.04,0.203651317741518
665,CatBoost Regressor Tuned,0.9933089707787824,0.7943960931841578,6.0,1050.0,0.1,0.19891287759462462
666,CatBoost Regressor Tuned,0.999748315939155,0.7941218118641178,9.0,1100.0,0.1,0.20562650407503724
667,CatBoost Regressor Tuned,0.9947357076236092,0.7938976089109624,5.0,1600.0,0.1,0.2008380987126468
668,CatBoost Regressor Tuned,0.9540369193777148,0.7937269186235046,3.0,1450.0,0.1,0.1603100007542102
669,CatBoost Regressor Tuned,0.9984127360556369,0.7937212330254907,10.0,1450.0,0.04,0.20469150303014616
670,CatBoost Regressor Tuned,0.9981581115049892,0.7937130787638895,10.0,1150.0,0.05,0.2044450327410997
671,CatBoost Regressor Tuned,0.982652213033803,0.7937043370362129,4.0,1550.0,0.1,0.1889478759975901
672,CatBoost Regressor Tuned,0.9997994294306471,0.7934863483140695,9.0,1150.0,0.1,0.20631308111657765
673,CatBoost Regressor Tuned,0.9986200167387276,0.7932184182917549,10.0,1500.0,0.04,0.2054015984469727
674,CatBoost Regressor Tuned,0.9998441064672358,0.7931048695410873,9.0,1200.0,0.1,0.20673923692614848
675,CatBoost Regressor Tuned,0.9984561362074316,0.7930374398268539,10.0,1200.0,0.05,0.20541869638057764
676,CatBoost Regressor Tuned,0.9687627764685972,0.7929989414852248,4.0,1550.0,0.07,0.17576383498337245
677,CatBoost Regressor Tuned,0.9998802790127308,0.7927256428758436,9.0,1250.0,0.1,0.20715463613688723
678,CatBoost Regressor Tuned,0.9813141386260672,0.792631392715664,6.0,1000.0,0.07,0.18868274591040324
679,CatBoost Regressor Tuned,0.9987743828968314,0.7924773573478862,10.0,1550.0,0.04,0.20629702554894525
680,CatBoost Regressor Tuned,0.9999063747118164,0.7924207898887657,9.0,1300.0,0.1,0.20748558482305068
681,CatBoost Regressor Tuned,0.998703450699616,0.792365570593695,10.0,1250.0,0.05,0.20633788010592102
682,CatBoost Regressor Tuned,0.9999252489563396,0.7922915678000442,9.0,1350.0,0.1,0.20763368115629544
683,CatBoost Regressor Tuned,0.9988834083707956,0.7921088668272973,10.0,1300.0,0.05,0.20677454154349828
684,CatBoost Regressor Tuned,0.9999402391040187,0.7920171062703024,9.0,1400.0,0.1,0.20792313283371633
685,CatBoost Regressor Tuned,0.9989166708621936,0.7918228038694429,10.0,1600.0,0.04,0.20709386699275067
686,CatBoost Regressor Tuned,0.9942031168283538,0.7917993762776822,6.0,1100.0,0.1,0.20240374055067167
687,CatBoost Regressor Tuned,0.9999540776086816,0.7917530888823194,9.0,1450.0,0.1,0.20820098872636217
688,CatBoost Regressor Tuned,0.9999642115187672,0.7916103880318388,9.0,1500.0,0.1,0.20835382348692844
689,CatBoost Regressor Tuned,0.9999718895757518,0.7914436186930947,9.0,1550.0,0.1,0.20852827088265713
690,CatBoost Regressor Tuned,0.9999781942726776,0.7913464348956802,9.0,1600.0,0.1,0.2086317593769974
691,CatBoost Regressor Tuned,0.9990310287939854,0.7912387183819382,10.0,1350.0,0.05,0.20779231041204727
692,CatBoost Regressor Tuned,0.9705082215548012,0.7912292196111697,4.0,1600.0,0.07,0.17927900194363156
693,CatBoost Regressor Tuned,0.983835173673342,0.7911718799599655,4.0,1600.0,0.1,0.19266329371337643
694,CatBoost Regressor Tuned,0.999989411023941,0.7910946834493753,9.0,1750.0,0.1,0.20889472757456573
695,CatBoost Regressor Tuned,0.955597395076802,0.7909675277674173,3.0,1500.0,0.1,0.16462986730938467
696,CatBoost Regressor Tuned,0.9949803434968124,0.7909531844192992,6.0,1150.0,0.1,0.20402715907751323
697,CatBoost Regressor Tuned,0.999996464454016,0.7908661728711371,9.0,2000.0,0.1,0.20913029158287888
698,CatBoost Regressor Tuned,0.9835256453623384,0.7904227968497667,6.0,1050.0,0.07,0.19310284851257176
699,CatBoost Regressor Tuned,0.9991692312209336,0.7904172378962162,10.0,1400.0,0.05,0.2087519933247174
700,CatBoost Regressor Tuned,0.999262040079668,0.7901604524028453,10.0,1750.0,0.04,0.20910158767682274
701,CatBoost Regressor Tuned,0.9956480424994782,0.7899744567697431,6.0,1200.0,0.1,0.20567358572973515
702,CatBoost Regressor Tuned,0.999298582152636,0.7898541912359486,10.0,1450.0,0.05,0.20944439091668743
703,CatBoost Regressor Tuned,0.9572081474187965,0.7895496087118756,3.0,1550.0,0.1,0.16765853870692082
704,CatBoost Regressor Tuned,0.9993964680612526,0.7894814289415281,10.0,1500.0,0.05,0.20991503911972453
705,CatBoost Regressor Tuned,0.9921298683274322,0.7894199723394704,5.0,2000.0,0.07,0.20270989598796185
706,CatBoost Regressor Tuned,0.996204061524474,0.7892856707243937,6.0,1250.0,0.1,0.20691839080008034
707,CatBoost Regressor Tuned,0.9960668295483892,0.7892512312515374,5.0,1750.0,0.1,0.2068155982968518
708,CatBoost Regressor Tuned,0.9994891360222242,0.7890587904428937,10.0,1550.0,0.05,0.2104303455793305
709,CatBoost Regressor Tuned,0.9853746034550837,0.7884849767056025,6.0,1100.0,0.07,0.19688962674948118
710,CatBoost Regressor Tuned,0.999572642885853,0.788462221145253,10.0,1600.0,0.05,0.21111042174060002
711,CatBoost Regressor Tuned,0.9996053152765912,0.7884365159205735,10.0,2000.0,0.04,0.21116879935601773
712,CatBoost Regressor Tuned,0.97483626862687,0.7880088892648687,4.0,1750.0,0.07,0.18682737936200133
713,CatBoost Regressor Tuned,0.9931576645236,0.7878251628132604,6.0,2000.0,0.05,0.20533250171033957
714,CatBoost Regressor Tuned,0.9966686792679008,0.7878153288488678,6.0,1300.0,0.1,0.20885335041903297
715,CatBoost Regressor Tuned,0.9997236903552796,0.7873480680292514,10.0,1750.0,0.05,0.21237562232602825
716,CatBoost Regressor Tuned,0.9971028694678972,0.7872872198840585,6.0,1350.0,0.1,0.2098156495838387
717,CatBoost Regressor Tuned,0.9998844599636344,0.7869400650576693,10.0,1000.0,0.1,0.21294439490596506
718,CatBoost Regressor Tuned,0.9868138905353908,0.7867871277300806,6.0,1150.0,0.07,0.20002676280531018
719,CatBoost Regressor Tuned,0.9999153901733692,0.7866731995606348,10.0,1050.0,0.1,0.21324219061273442
720,CatBoost Regressor Tuned,0.9999358819195148,0.7865157759390907,10.0,1100.0,0.1,0.21342010598042405
721,CatBoost Regressor Tuned,0.9999520943474765,0.7864504320309867,10.0,1150.0,0.1,0.2135016623164897
722,CatBoost Regressor Tuned,0.9880793111347982,0.7863217050880527,6.0,1200.0,0.07,0.20175760604674553
723,CatBoost Regressor Tuned,0.999963730583852,0.7861881044902076,10.0,1200.0,0.1,0.21377562609364442
724,CatBoost Regressor Tuned,0.9999733996112716,0.7860591418548815,10.0,1250.0,0.1,0.21391425775639017
725,CatBoost Regressor Tuned,0.9998642469163278,0.7860459564986726,10.0,2000.0,0.05,0.2138182904176552
726,CatBoost Regressor Tuned,0.9999803506327558,0.786004844060152,10.0,1300.0,0.1,0.21397550657260378
727,CatBoost Regressor Tuned,0.9589588320173176,0.7859848239866499,3.0,1600.0,0.1,0.17297400803066765
728,CatBoost Regressor Tuned,0.9974851111832824,0.7859845625904571,6.0,1400.0,0.1,0.2115005485928253
729,CatBoost Regressor Tuned,0.9999854515796976,0.7859132637251744,10.0,1350.0,0.1,0.2140721878545232
730,CatBoost Regressor Tuned,0.9999889763275576,0.7858743740465144,10.0,1400.0,0.1,0.21411460228104318
731,CatBoost Regressor Tuned,0.9999916546940278,0.7857868750273109,10.0,1450.0,0.1,0.21420477966671692
732,CatBoost Regressor Tuned,0.999993508493974,0.7857106487141573,10.0,1500.0,0.1,0.21428285977981665
733,CatBoost Regressor Tuned,0.999995061125334,0.7856884172134054,10.0,1550.0,0.1,0.21430664391192855
734,CatBoost Regressor Tuned,0.9999962252523764,0.7856206964492207,10.0,1600.0,0.1,0.2143755288031557
735,CatBoost Regressor Tuned,0.9999982502170254,0.7855502423643913,10.0,1750.0,0.1,0.21444800785263407
736,CatBoost Regressor Tuned,0.9999995381118104,0.7854627036843739,10.0,2000.0,0.1,0.21453683442743654
737,CatBoost Regressor Tuned,0.9978293507982136,0.7852759401312419,6.0,1450.0,0.1,0.21255341066697164
738,CatBoost Regressor Tuned,0.9891310503363532,0.7852064655849635,6.0,1250.0,0.07,0.20392458475138964
739,CatBoost Regressor Tuned,0.9865162218976424,0.7847241700863109,4.0,1750.0,0.1,0.20179205181133153
740,CatBoost Regressor Tuned,0.998094827848246,0.7841303404795597,6.0,1500.0,0.1,0.21396448736868634
741,CatBoost Regressor Tuned,0.99029800250453,0.7840674316915223,6.0,1300.0,0.07,0.20623057081300777
742,CatBoost Regressor Tuned,0.9983285302484948,0.783882883767228,6.0,1550.0,0.1,0.21444564648126674
743,CatBoost Regressor Tuned,0.9985443330815325,0.7834212863745829,6.0,1600.0,0.1,0.2151230467069496
744,CatBoost Regressor Tuned,0.9975104889898728,0.7833214886886041,5.0,2000.0,0.1,0.21418900030126875
745,CatBoost Regressor Tuned,0.9988835694814304,0.7824664687161664,8.0,1000.0,0.1,0.216417100765264
746,CatBoost Regressor Tuned,0.9912720819606632,0.7823711321990116,6.0,1350.0,0.07,0.20890094976165163
747,CatBoost Regressor Tuned,0.998976583328091,0.7819373189991099,6.0,1750.0,0.1,0.21703926432898113
748,CatBoost Regressor Tuned,0.9991090041528912,0.7817317831990337,8.0,1050.0,0.1,0.21737722095385748
749,CatBoost Regressor Tuned,0.980705765888084,0.78158604960677,4.0,2000.0,0.07,0.19911971628131397
750,CatBoost Regressor Tuned,0.9992714671713312,0.7811163773433608,8.0,1100.0,0.1,0.21815508982797038
751,CatBoost Regressor Tuned,0.9921239824091646,0.7804818133149379,6.0,1400.0,0.07,0.21164216909422662
752,CatBoost Regressor Tuned,0.999408850960117,0.7799955494134632,8.0,1150.0,0.1,0.21941330154665384
753,CatBoost Regressor Tuned,0.9640520358488828,0.7797138966380455,3.0,1750.0,0.1,0.1843381392108373
754,CatBoost Regressor Tuned,0.9928352985105584,0.7795588987036096,6.0,1450.0,0.07,0.2132763998069488
755,CatBoost Regressor Tuned,0.9994169759655286,0.7795488810226601,6.0,2000.0,0.1,0.21986809494286852
756,CatBoost Regressor Tuned,0.9995277220708624,0.7789906771817435,8.0,1200.0,0.1,0.22053704488911885
757,CatBoost Regressor Tuned,0.9934399217832804,0.7782786190824467,6.0,1500.0,0.07,0.21516130270083378
758,CatBoost Regressor Tuned,0.999616148902288,0.7782066432054213,8.0,1250.0,0.1,0.22140950569686668
759,CatBoost Regressor Tuned,0.9996866401259192,0.7773202538571522,8.0,1300.0,0.1,0.22236638626876704
760,CatBoost Regressor Tuned,0.9997439388795204,0.7768292277438766,8.0,1350.0,0.1,0.22291471113564376
761,CatBoost Regressor Tuned,0.9940519632647632,0.7767523600282611,6.0,1550.0,0.07,0.2172996032365021
762,CatBoost Regressor Tuned,0.990238480985562,0.7765952819658649,4.0,2000.0,0.1,0.21364319901969708
763,CatBoost Regressor Tuned,0.9997938185924186,0.7763578286935253,8.0,1400.0,0.1,0.22343598989889324
764,CatBoost Regressor Tuned,0.9998310130530068,0.7759969072887993,8.0,1450.0,0.1,0.22383410576420748
765,CatBoost Regressor Tuned,0.9945749488653748,0.7756934658562221,6.0,1600.0,0.07,0.21888148300915267
766,CatBoost Regressor Tuned,0.9998592666821828,0.7755121253092486,8.0,1500.0,0.1,0.2243471413729342
767,CatBoost Regressor Tuned,0.9998836941189132,0.7752433544657698,8.0,1550.0,0.1,0.22464033965314345
768,CatBoost Regressor Tuned,0.9999019025047468,0.7749284845459586,8.0,1600.0,0.1,0.2249734179587881
769,CatBoost Regressor Tuned,0.9999449531453748,0.7742183325895325,8.0,1750.0,0.1,0.22572662055584225
770,CatBoost Regressor Tuned,0.9999791886056144,0.7733772217927379,8.0,2000.0,0.1,0.22660196681287648
771,CatBoost Regressor Tuned,0.99597950397622,0.7724998073065665,6.0,1750.0,0.07,0.2234796966696535
772,CatBoost Regressor Tuned,0.997404944349893,0.768680737639963,6.0,2000.0,0.07,0.22872420670993
773,CatBoost Regressor Tuned,0.9700108980582224,0.7679423543251167,3.0,2000.0,0.1,0.20206854373310568
